date,strategy,ticker,weight,realized_future_return,predicted_return_score,hmm_regime
2021-01-04,EqualWeight_Top10,AMD,0.1,-0.0372697976995431,0.5535564,1
2021-01-04,EqualWeight_Top10,BKNG,0.1,-0.045539014719336,0.5705345,1
2021-01-04,EqualWeight_Top10,CMG,0.1,0.1545954822362329,0.54238117,1
2021-01-04,EqualWeight_Top10,INTU,0.1,0.0350434918093378,0.5343288,1
2021-01-04,EqualWeight_Top10,KMB,0.1,-0.0078709521887173,0.53430676,1
2021-01-04,EqualWeight_Top10,MET,0.1,0.0618489886371076,0.53425324,1
2021-01-04,EqualWeight_Top10,MTD,0.1,0.0488598817625562,0.5404803,1
2021-01-04,EqualWeight_Top10,NOW,0.1,0.1075869488590302,0.5568662,1
2021-01-04,EqualWeight_Top10,NVDA,0.1,0.0338010190111337,0.5829636,1
2021-01-04,EqualWeight_Top10,URI,0.1,0.0915304961083114,0.55449015,1
2021-01-04,HMM_MinVar_Top10,AMD,3.1564704704856547e-18,-0.0372697976995431,0.5535564,1
2021-01-04,HMM_MinVar_Top10,BKNG,0.1740395468328977,-0.045539014719336,0.5705345,1
2021-01-04,HMM_MinVar_Top10,CMG,0.11515708314533893,0.1545954822362329,0.54238117,1
2021-01-04,HMM_MinVar_Top10,INTU,0.21512006470717554,0.0350434918093378,0.5343288,1
2021-01-04,HMM_MinVar_Top10,KMB,0.25,-0.0078709521887173,0.53430676,1
2021-01-04,HMM_MinVar_Top10,MET,0.03147423289355976,0.0618489886371076,0.53425324,1
2021-01-04,HMM_MinVar_Top10,MTD,0.21420907242102807,0.0488598817625562,0.5404803,1
2021-01-04,HMM_MinVar_Top10,NOW,2.64147443855504e-18,0.1075869488590302,0.5568662,1
2021-01-04,HMM_MinVar_Top10,NVDA,0.0,0.0338010190111337,0.5829636,1
2021-01-04,HMM_MinVar_Top10,URI,0.0,0.0915304961083114,0.55449015,1
2021-01-04,HMM_ScoreMV_Top10,AMD,2.4369298351762063e-17,-0.0372697976995431,0.5535564,1
2021-01-04,HMM_ScoreMV_Top10,BKNG,0.2499999999999999,-0.045539014719336,0.5705345,1
2021-01-04,HMM_ScoreMV_Top10,CMG,0.07878232489334903,0.1545954822362329,0.54238117,1
2021-01-04,HMM_ScoreMV_Top10,INTU,1.9231255767995993e-17,0.0350434918093378,0.5343288,1
2021-01-04,HMM_ScoreMV_Top10,KMB,0.24999999999999997,-0.0078709521887173,0.53430676,1
2021-01-04,HMM_ScoreMV_Top10,MET,7.848813518706588e-18,0.0618489886371076,0.53425324,1
2021-01-04,HMM_ScoreMV_Top10,MTD,0.0,0.0488598817625562,0.5404803,1
2021-01-04,HMM_ScoreMV_Top10,NOW,0.17121767510665106,0.1075869488590302,0.5568662,1
2021-01-04,HMM_ScoreMV_Top10,NVDA,0.25,0.0338010190111337,0.5829636,1
2021-01-04,HMM_ScoreMV_Top10,URI,0.0,0.0915304961083114,0.55449015,1
2021-01-04,Static_MinVar_Top10,AMD,0.0,-0.0372697976995431,0.5535564,1
2021-01-04,Static_MinVar_Top10,BKNG,0.1714859894429458,-0.045539014719336,0.5705345,1
2021-01-04,Static_MinVar_Top10,CMG,0.162434092937255,0.1545954822362329,0.54238117,1
2021-01-04,Static_MinVar_Top10,INTU,0.06902601531604657,0.0350434918093378,0.5343288,1
2021-01-04,Static_MinVar_Top10,KMB,0.25000000000000006,-0.0078709521887173,0.53430676,1
2021-01-04,Static_MinVar_Top10,MET,0.04277154880885547,0.0618489886371076,0.53425324,1
2021-01-04,Static_MinVar_Top10,MTD,0.25000000000000006,0.0488598817625562,0.5404803,1
2021-01-04,Static_MinVar_Top10,NOW,0.05428235349489711,0.1075869488590302,0.5568662,1
2021-01-04,Static_MinVar_Top10,NVDA,0.0,0.0338010190111337,0.5829636,1
2021-01-04,Static_MinVar_Top10,URI,1.3142993921754135e-18,0.0915304961083114,0.55449015,1
2021-01-04,Static_ScoreMV_Top10,AMD,8.207574728757351e-17,-0.0372697976995431,0.5535564,1
2021-01-04,Static_ScoreMV_Top10,BKNG,0.25,-0.045539014719336,0.5705345,1
2021-01-04,Static_ScoreMV_Top10,CMG,0.05199554801576047,0.1545954822362329,0.54238117,1
2021-01-04,Static_ScoreMV_Top10,INTU,1.7278629845125627e-16,0.0350434918093378,0.5343288,1
2021-01-04,Static_ScoreMV_Top10,KMB,0.24765469487718814,-0.0078709521887173,0.53430676,1
2021-01-04,Static_ScoreMV_Top10,MET,1.5404301696513256e-17,0.0618489886371076,0.53425324,1
2021-01-04,Static_ScoreMV_Top10,MTD,0.01065385564321452,0.0488598817625562,0.5404803,1
2021-01-04,Static_ScoreMV_Top10,NOW,0.17684624687852524,0.1075869488590302,0.5568662,1
2021-01-04,Static_ScoreMV_Top10,NVDA,0.25000000000000006,0.0338010190111337,0.5829636,1
2021-01-04,Static_ScoreMV_Top10,URI,0.012849654585311445,0.0915304961083114,0.55449015,1
2021-02-01,EqualWeight_Top10,AMD,0.1,-0.0402692934202697,0.5643944,1
2021-02-01,EqualWeight_Top10,BRK-B,0.1,0.086778271676702,0.5415582,1
2021-02-01,EqualWeight_Top10,DLTR,0.1,-0.0189371767851579,0.5490628,1
2021-02-01,EqualWeight_Top10,GLW,0.1,0.0858543537354685,0.5430921,1
2021-02-01,EqualWeight_Top10,MET,0.1,0.2278632607803368,0.56120974,1
2021-02-01,EqualWeight_Top10,MTD,0.1,-0.0493301287660841,0.5554261,1
2021-02-01,EqualWeight_Top10,NVDA,0.1,0.0127861138743781,0.61177295,1
2021-02-01,EqualWeight_Top10,PRU,0.1,0.1443010947015763,0.5506846,1
2021-02-01,EqualWeight_Top10,UPS,0.1,0.0392404565911204,0.56113344,1
2021-02-01,EqualWeight_Top10,XEL,0.1,-0.0775726417189217,0.54335755,1
2021-02-01,HMM_MinVar_Top10,AMD,0.006233370413886607,-0.0402692934202697,0.5643944,1
2021-02-01,HMM_MinVar_Top10,BRK-B,0.25,0.086778271676702,0.5415582,1
2021-02-01,HMM_MinVar_Top10,DLTR,0.25,-0.0189371767851579,0.5490628,1
2021-02-01,HMM_MinVar_Top10,GLW,1.0441524491059395e-17,0.0858543537354685,0.5430921,1
2021-02-01,HMM_MinVar_Top10,MET,0.0,0.2278632607803368,0.56120974,1
2021-02-01,HMM_MinVar_Top10,MTD,0.12506744837067146,-0.0493301287660841,0.5554261,1
2021-02-01,HMM_MinVar_Top10,NVDA,0.03672884467220212,0.0127861138743781,0.61177295,1
2021-02-01,HMM_MinVar_Top10,PRU,0.0,0.1443010947015763,0.5506846,1
2021-02-01,HMM_MinVar_Top10,UPS,0.08197033654323985,0.0392404565911204,0.56113344,1
2021-02-01,HMM_MinVar_Top10,XEL,0.25,-0.0775726417189217,0.54335755,1
2021-02-01,HMM_ScoreMV_Top10,AMD,0.0,-0.0402692934202697,0.5643944,1
2021-02-01,HMM_ScoreMV_Top10,BRK-B,5.5468030646825016e-17,0.086778271676702,0.5415582,1
2021-02-01,HMM_ScoreMV_Top10,DLTR,0.2051023861230949,-0.0189371767851579,0.5490628,1
2021-02-01,HMM_ScoreMV_Top10,GLW,0.0,0.0858543537354685,0.5430921,1
2021-02-01,HMM_ScoreMV_Top10,MET,0.045286235007100335,0.2278632607803368,0.56120974,1
2021-02-01,HMM_ScoreMV_Top10,MTD,0.08670064649928844,-0.0493301287660841,0.5554261,1
2021-02-01,HMM_ScoreMV_Top10,NVDA,0.25,0.0127861138743781,0.61177295,1
2021-02-01,HMM_ScoreMV_Top10,PRU,0.0,0.1443010947015763,0.5506846,1
2021-02-01,HMM_ScoreMV_Top10,UPS,0.1629107323705164,0.0392404565911204,0.56113344,1
2021-02-01,HMM_ScoreMV_Top10,XEL,0.25,-0.0775726417189217,0.54335755,1
2021-02-01,Static_MinVar_Top10,AMD,7.775813552171626e-18,-0.0402692934202697,0.5643944,1
2021-02-01,Static_MinVar_Top10,BRK-B,0.25,0.086778271676702,0.5415582,1
2021-02-01,Static_MinVar_Top10,DLTR,0.15335320354344803,-0.0189371767851579,0.5490628,1
2021-02-01,Static_MinVar_Top10,GLW,3.4580124080693384e-18,0.0858543537354685,0.5430921,1
2021-02-01,Static_MinVar_Top10,MET,4.5657850709845766e-18,0.2278632607803368,0.56120974,1
2021-02-01,Static_MinVar_Top10,MTD,0.16113003820713856,-0.0493301287660841,0.5554261,1
2021-02-01,Static_MinVar_Top10,NVDA,1.1944901715001812e-17,0.0127861138743781,0.61177295,1
2021-02-01,Static_MinVar_Top10,PRU,0.0,0.1443010947015763,0.5506846,1
2021-02-01,Static_MinVar_Top10,UPS,0.18551675824941352,0.0392404565911204,0.56113344,1
2021-02-01,Static_MinVar_Top10,XEL,0.24999999999999997,-0.0775726417189217,0.54335755,1
2021-02-01,Static_ScoreMV_Top10,AMD,1.2250052226141415e-16,-0.0402692934202697,0.5643944,1
2021-02-01,Static_ScoreMV_Top10,BRK-B,0.0,0.086778271676702,0.5415582,1
2021-02-01,Static_ScoreMV_Top10,DLTR,0.12685719910903168,-0.0189371767851579,0.5490628,1
2021-02-01,Static_ScoreMV_Top10,GLW,1.5394309214436763e-16,0.0858543537354685,0.5430921,1
2021-02-01,Static_ScoreMV_Top10,MET,0.06632562814259767,0.2278632607803368,0.56120974,1
2021-02-01,Static_ScoreMV_Top10,MTD,0.20515588064883417,-0.0493301287660841,0.5554261,1
2021-02-01,Static_ScoreMV_Top10,NVDA,0.24999999999999992,0.0127861138743781,0.61177295,1
2021-02-01,Static_ScoreMV_Top10,PRU,9.548771576464522e-17,0.1443010947015763,0.5506846,1
2021-02-01,Static_ScoreMV_Top10,UPS,0.24999999999999994,0.0392404565911204,0.56113344,1
2021-02-01,Static_ScoreMV_Top10,XEL,0.10166129209953625,-0.0775726417189217,0.54335755,1
2021-03-01,EqualWeight_Top10,AMD,0.1,-0.1070725786011334,0.52848905,1
2021-03-01,EqualWeight_Top10,BKNG,0.1,0.0132988669143783,0.53392065,1
2021-03-01,EqualWeight_Top10,CMG,0.1,-0.0406343169011745,0.5340095,1
2021-03-01,EqualWeight_Top10,DLTR,0.1,0.1664818712506079,0.5206832,1
2021-03-01,EqualWeight_Top10,KDP,0.1,0.1489158481910286,0.52788,1
2021-03-01,EqualWeight_Top10,KMB,0.1,0.0914703377750423,0.536812,1
2021-03-01,EqualWeight_Top10,NEM,0.1,0.1485411456991796,0.52622086,1
2021-03-01,EqualWeight_Top10,NVDA,0.1,-0.0642282948968419,0.5208874,1
2021-03-01,EqualWeight_Top10,ORLY,0.1,0.1258781589628772,0.5249297,1
2021-03-01,EqualWeight_Top10,YUM,0.1,0.0449718019008058,0.5247593,1
2021-03-01,HMM_MinVar_Top10,AMD,6.505056817258677e-19,-0.1070725786011334,0.52848905,1
2021-03-01,HMM_MinVar_Top10,BKNG,0.038945083492911786,0.0132988669143783,0.53392065,1
2021-03-01,HMM_MinVar_Top10,CMG,1.1326693875182165e-18,-0.0406343169011745,0.5340095,1
2021-03-01,HMM_MinVar_Top10,DLTR,0.09878537047391178,0.1664818712506079,0.5206832,1
2021-03-01,HMM_MinVar_Top10,KDP,0.1995895128948858,0.1489158481910286,0.52788,1
2021-03-01,HMM_MinVar_Top10,KMB,0.23704183818815053,0.0914703377750423,0.536812,1
2021-03-01,HMM_MinVar_Top10,NEM,0.15418367790575313,0.1485411456991796,0.52622086,1
2021-03-01,HMM_MinVar_Top10,NVDA,0.0,-0.0642282948968419,0.5208874,1
2021-03-01,HMM_MinVar_Top10,ORLY,0.15105335723414096,0.1258781589628772,0.5249297,1
2021-03-01,HMM_MinVar_Top10,YUM,0.12040115981024607,0.0449718019008058,0.5247593,1
2021-03-01,HMM_ScoreMV_Top10,AMD,0.0,-0.1070725786011334,0.52848905,1
2021-03-01,HMM_ScoreMV_Top10,BKNG,0.24999999999999992,0.0132988669143783,0.53392065,1
2021-03-01,HMM_ScoreMV_Top10,CMG,0.24999999999999992,-0.0406343169011745,0.5340095,1
2021-03-01,HMM_ScoreMV_Top10,DLTR,1.1891487697583487e-17,0.1664818712506079,0.5206832,1
2021-03-01,HMM_ScoreMV_Top10,KDP,0.16853001890108676,0.1489158481910286,0.52788,1
2021-03-01,HMM_ScoreMV_Top10,KMB,0.24999999999999994,0.0914703377750423,0.536812,1
2021-03-01,HMM_ScoreMV_Top10,NEM,0.0814699810989136,0.1485411456991796,0.52622086,1
2021-03-01,HMM_ScoreMV_Top10,NVDA,0.0,-0.0642282948968419,0.5208874,1
2021-03-01,HMM_ScoreMV_Top10,ORLY,0.0,0.1258781589628772,0.5249297,1
2021-03-01,HMM_ScoreMV_Top10,YUM,0.0,0.0449718019008058,0.5247593,1
2021-03-01,Static_MinVar_Top10,AMD,0.0,-0.1070725786011334,0.52848905,1
2021-03-01,Static_MinVar_Top10,BKNG,0.06309554197902978,0.0132988669143783,0.53392065,1
2021-03-01,Static_MinVar_Top10,CMG,0.04582578671567706,-0.0406343169011745,0.5340095,1
2021-03-01,Static_MinVar_Top10,DLTR,0.07600031876599213,0.1664818712506079,0.5206832,1
2021-03-01,Static_MinVar_Top10,KDP,0.20393542735781484,0.1489158481910286,0.52788,1
2021-03-01,Static_MinVar_Top10,KMB,0.25,0.0914703377750423,0.536812,1
2021-03-01,Static_MinVar_Top10,NEM,0.18337613991097235,0.1485411456991796,0.52622086,1
2021-03-01,Static_MinVar_Top10,NVDA,3.9433050670883555e-18,-0.0642282948968419,0.5208874,1
2021-03-01,Static_MinVar_Top10,ORLY,0.0792242211689577,0.1258781589628772,0.5249297,1
2021-03-01,Static_MinVar_Top10,YUM,0.09854256410155611,0.0449718019008058,0.5247593,1
2021-03-01,Static_ScoreMV_Top10,AMD,1.0051653723234002e-16,-0.1070725786011334,0.52848905,1
2021-03-01,Static_ScoreMV_Top10,BKNG,0.24999999999999997,0.0132988669143783,0.53392065,1
2021-03-01,Static_ScoreMV_Top10,CMG,0.25,-0.0406343169011745,0.5340095,1
2021-03-01,Static_ScoreMV_Top10,DLTR,1.152104129615784e-16,0.1664818712506079,0.5206832,1
2021-03-01,Static_ScoreMV_Top10,KDP,0.1595899458588836,0.1489158481910286,0.52788,1
2021-03-01,Static_ScoreMV_Top10,KMB,0.24999999999999983,0.0914703377750423,0.536812,1
2021-03-01,Static_ScoreMV_Top10,NEM,0.09041005414111651,0.1485411456991796,0.52622086,1
2021-03-01,Static_ScoreMV_Top10,NVDA,5.3066922775794226e-17,-0.0642282948968419,0.5208874,1
2021-03-01,Static_ScoreMV_Top10,ORLY,0.0,0.1258781589628772,0.5249297,1
2021-03-01,Static_ScoreMV_Top10,YUM,0.0,0.0449718019008058,0.5247593,1
2021-04-01,EqualWeight_Top10,AIG,0.1,0.044631268091934,0.56600225,0
2021-04-01,EqualWeight_Top10,BIIB,0.1,-0.0408309900316103,0.55391186,0
2021-04-01,EqualWeight_Top10,BKNG,0.1,0.0350980395202769,0.54454243,0
2021-04-01,EqualWeight_Top10,CMG,0.1,0.0372412062946778,0.57704395,0
2021-04-01,EqualWeight_Top10,DLR,0.1,0.0772077249655218,0.5891708,0
2021-04-01,EqualWeight_Top10,EQIX,0.1,0.0630678735343965,0.6083872,0
2021-04-01,EqualWeight_Top10,PANW,0.1,0.0772443589400284,0.5801782,0
2021-04-01,EqualWeight_Top10,PRU,0.1,0.0825154634793792,0.55709946,0
2021-04-01,EqualWeight_Top10,TEL,0.1,0.0281368606424219,0.5537723,0
2021-04-01,EqualWeight_Top10,VRTX,0.1,0.0242208215580395,0.54803175,0
2021-04-01,HMM_MinVar_Top10,AIG,0.09175300380579328,0.044631268091934,0.56600225,0
2021-04-01,HMM_MinVar_Top10,BIIB,0.021383875554415788,-0.0408309900316103,0.55391186,0
2021-04-01,HMM_MinVar_Top10,BKNG,0.048189773279834806,0.0350980395202769,0.54454243,0
2021-04-01,HMM_MinVar_Top10,CMG,0.12998241146139872,0.0372412062946778,0.57704395,0
2021-04-01,HMM_MinVar_Top10,DLR,0.1361116106059429,0.0772077249655218,0.5891708,0
2021-04-01,HMM_MinVar_Top10,EQIX,0.21541910057948524,0.0630678735343965,0.6083872,0
2021-04-01,HMM_MinVar_Top10,PANW,0.10541103728377639,0.0772443589400284,0.5801782,0
2021-04-01,HMM_MinVar_Top10,PRU,0.059826589249980626,0.0825154634793792,0.55709946,0
2021-04-01,HMM_MinVar_Top10,TEL,0.14335246418783507,0.0281368606424219,0.5537723,0
2021-04-01,HMM_MinVar_Top10,VRTX,0.04857013399153724,0.0242208215580395,0.54803175,0
2021-04-01,HMM_ScoreMV_Top10,AIG,1.0776969594505914e-16,0.044631268091934,0.56600225,0
2021-04-01,HMM_ScoreMV_Top10,BIIB,0.0,-0.0408309900316103,0.55391186,0
2021-04-01,HMM_ScoreMV_Top10,BKNG,0.0,0.0350980395202769,0.54454243,0
2021-04-01,HMM_ScoreMV_Top10,CMG,0.24999999999999992,0.0372412062946778,0.57704395,0
2021-04-01,HMM_ScoreMV_Top10,DLR,0.25,0.0772077249655218,0.5891708,0
2021-04-01,HMM_ScoreMV_Top10,EQIX,0.25,0.0630678735343965,0.6083872,0
2021-04-01,HMM_ScoreMV_Top10,PANW,0.24999999999999992,0.0772443589400284,0.5801782,0
2021-04-01,HMM_ScoreMV_Top10,PRU,0.0,0.0825154634793792,0.55709946,0
2021-04-01,HMM_ScoreMV_Top10,TEL,9.963583486400063e-17,0.0281368606424219,0.5537723,0
2021-04-01,HMM_ScoreMV_Top10,VRTX,4.275604678867274e-17,0.0242208215580395,0.54803175,0
2021-04-01,Static_MinVar_Top10,AIG,0.008821859188797982,0.044631268091934,0.56600225,0
2021-04-01,Static_MinVar_Top10,BIIB,0.04913699222352772,-0.0408309900316103,0.55391186,0
2021-04-01,Static_MinVar_Top10,BKNG,0.09916761226132341,0.0350980395202769,0.54454243,0
2021-04-01,Static_MinVar_Top10,CMG,0.0975875673430274,0.0372412062946778,0.57704395,0
2021-04-01,Static_MinVar_Top10,DLR,0.22606796799725937,0.0772077249655218,0.5891708,0
2021-04-01,Static_MinVar_Top10,EQIX,0.15957044377610458,0.0630678735343965,0.6083872,0
2021-04-01,Static_MinVar_Top10,PANW,0.11863421558798747,0.0772443589400284,0.5801782,0
2021-04-01,Static_MinVar_Top10,PRU,0.0,0.0825154634793792,0.55709946,0
2021-04-01,Static_MinVar_Top10,TEL,0.12650951913966535,0.0281368606424219,0.5537723,0
2021-04-01,Static_MinVar_Top10,VRTX,0.11450382248230664,0.0242208215580395,0.54803175,0
2021-04-01,Static_ScoreMV_Top10,AIG,0.03454806848765596,0.044631268091934,0.56600225,0
2021-04-01,Static_ScoreMV_Top10,BIIB,0.0,-0.0408309900316103,0.55391186,0
2021-04-01,Static_ScoreMV_Top10,BKNG,0.0,0.0350980395202769,0.54454243,0
2021-04-01,Static_ScoreMV_Top10,CMG,0.21545193151234426,0.0372412062946778,0.57704395,0
2021-04-01,Static_ScoreMV_Top10,DLR,0.25,0.0772077249655218,0.5891708,0
2021-04-01,Static_ScoreMV_Top10,EQIX,0.24999999999999997,0.0630678735343965,0.6083872,0
2021-04-01,Static_ScoreMV_Top10,PANW,0.24999999999999986,0.0772443589400284,0.5801782,0
2021-04-01,Static_ScoreMV_Top10,PRU,4.952030384446509e-17,0.0825154634793792,0.55709946,0
2021-04-01,Static_ScoreMV_Top10,TEL,0.0,0.0281368606424219,0.5537723,0
2021-04-01,Static_ScoreMV_Top10,VRTX,0.0,0.0242208215580395,0.54803175,0
2021-05-03,EqualWeight_Top10,AIG,0.1,0.0917431417888967,0.54545575,0
2021-05-03,EqualWeight_Top10,BKNG,0.1,-0.0459586895627233,0.5593382,0
2021-05-03,EqualWeight_Top10,DOW,0.1,0.1018690473716135,0.5526271,0
2021-05-03,EqualWeight_Top10,F,0.1,0.2734309935028398,0.5916033,0
2021-05-03,EqualWeight_Top10,GM,0.1,0.0437443691972307,0.5256495,0
2021-05-03,EqualWeight_Top10,HAL,0.1,0.1319884980737613,0.5514291,0
2021-05-03,EqualWeight_Top10,IR,0.1,0.0358178395441817,0.53252065,0
2021-05-03,EqualWeight_Top10,MAR,0.1,-0.0249176049808912,0.57662636,0
2021-05-03,EqualWeight_Top10,SLB,0.1,0.1715772365050927,0.5239161,0
2021-05-03,EqualWeight_Top10,YUM,0.1,0.0034972771099461,0.5272373,0
2021-05-03,HMM_MinVar_Top10,AIG,0.05001033519070352,0.0917431417888967,0.54545575,0
2021-05-03,HMM_MinVar_Top10,BKNG,0.25,-0.0459586895627233,0.5593382,0
2021-05-03,HMM_MinVar_Top10,DOW,0.07426901323411213,0.1018690473716135,0.5526271,0
2021-05-03,HMM_MinVar_Top10,F,0.1000475314817336,0.2734309935028398,0.5916033,0
2021-05-03,HMM_MinVar_Top10,GM,0.043060018754349484,0.0437443691972307,0.5256495,0
2021-05-03,HMM_MinVar_Top10,HAL,3.857058572489402e-18,0.1319884980737613,0.5514291,0
2021-05-03,HMM_MinVar_Top10,IR,0.17218834176167847,0.0358178395441817,0.53252065,0
2021-05-03,HMM_MinVar_Top10,MAR,0.06042475957742286,-0.0249176049808912,0.57662636,0
2021-05-03,HMM_MinVar_Top10,SLB,0.0,0.1715772365050927,0.5239161,0
2021-05-03,HMM_MinVar_Top10,YUM,0.25,0.0034972771099461,0.5272373,0
2021-05-03,HMM_ScoreMV_Top10,AIG,0.020968839965375352,0.0917431417888967,0.54545575,0
2021-05-03,HMM_ScoreMV_Top10,BKNG,0.24999999999999992,-0.0459586895627233,0.5593382,0
2021-05-03,HMM_ScoreMV_Top10,DOW,0.20243864360801164,0.1018690473716135,0.5526271,0
2021-05-03,HMM_ScoreMV_Top10,F,0.24999999999999994,0.2734309935028398,0.5916033,0
2021-05-03,HMM_ScoreMV_Top10,GM,0.0,0.0437443691972307,0.5256495,0
2021-05-03,HMM_ScoreMV_Top10,HAL,0.026592516426613207,0.1319884980737613,0.5514291,0
2021-05-03,HMM_ScoreMV_Top10,IR,0.0,0.0358178395441817,0.53252065,0
2021-05-03,HMM_ScoreMV_Top10,MAR,0.24999999999999992,-0.0249176049808912,0.57662636,0
2021-05-03,HMM_ScoreMV_Top10,SLB,0.0,0.1715772365050927,0.5239161,0
2021-05-03,HMM_ScoreMV_Top10,YUM,0.0,0.0034972771099461,0.5272373,0
2021-05-03,Static_MinVar_Top10,AIG,2.4879791831337934e-18,0.0917431417888967,0.54545575,0
2021-05-03,Static_MinVar_Top10,BKNG,0.25000000000000006,-0.0459586895627233,0.5593382,0
2021-05-03,Static_MinVar_Top10,DOW,0.09420720003544276,0.1018690473716135,0.5526271,0
2021-05-03,Static_MinVar_Top10,F,0.13553633362418321,0.2734309935028398,0.5916033,0
2021-05-03,Static_MinVar_Top10,GM,0.028290655249480188,0.0437443691972307,0.5256495,0
2021-05-03,Static_MinVar_Top10,HAL,1.7887103403244504e-18,0.1319884980737613,0.5514291,0
2021-05-03,Static_MinVar_Top10,IR,0.2114795848763613,0.0358178395441817,0.53252065,0
2021-05-03,Static_MinVar_Top10,MAR,0.030486226214532588,-0.0249176049808912,0.57662636,0
2021-05-03,Static_MinVar_Top10,SLB,2.060313478565901e-18,0.1715772365050927,0.5239161,0
2021-05-03,Static_MinVar_Top10,YUM,0.25,0.0034972771099461,0.5272373,0
2021-05-03,Static_ScoreMV_Top10,AIG,0.0,0.0917431417888967,0.54545575,0
2021-05-03,Static_ScoreMV_Top10,BKNG,0.2499999999999999,-0.0459586895627233,0.5593382,0
2021-05-03,Static_ScoreMV_Top10,DOW,0.1008514583704195,0.1018690473716135,0.5526271,0
2021-05-03,Static_ScoreMV_Top10,F,0.2499999999999999,0.2734309935028398,0.5916033,0
2021-05-03,Static_ScoreMV_Top10,GM,0.0,0.0437443691972307,0.5256495,0
2021-05-03,Static_ScoreMV_Top10,HAL,0.0,0.1319884980737613,0.5514291,0
2021-05-03,Static_ScoreMV_Top10,IR,0.0,0.0358178395441817,0.53252065,0
2021-05-03,Static_ScoreMV_Top10,MAR,0.2499999999999999,-0.0249176049808912,0.57662636,0
2021-05-03,Static_ScoreMV_Top10,SLB,0.0,0.1715772365050927,0.5239161,0
2021-05-03,Static_ScoreMV_Top10,YUM,0.14914854162958083,0.0034972771099461,0.5272373,0
2021-06-01,EqualWeight_Top10,BKNG,0.1,-0.0670408938752386,0.5360695,2
2021-06-01,EqualWeight_Top10,BRK-B,0.1,-0.0470259627899072,0.55292106,2
2021-06-01,EqualWeight_Top10,CTVA,0.1,-0.0367631754449124,0.536013,2
2021-06-01,EqualWeight_Top10,EXC,0.1,-0.0128490031152493,0.5160888,2
2021-06-01,EqualWeight_Top10,GLW,0.1,-0.0526433413647748,0.53301543,2
2021-06-01,EqualWeight_Top10,IR,0.1,-0.0297820916465498,0.5189768,2
2021-06-01,EqualWeight_Top10,LEN,0.1,0.0073098240194404,0.52494943,2
2021-06-01,EqualWeight_Top10,NFLX,0.1,0.0689668482574021,0.5182316,2
2021-06-01,EqualWeight_Top10,PRU,0.1,-0.0624826290241702,0.5221222,2
2021-06-01,EqualWeight_Top10,YUM,0.1,-0.036196773689711,0.5266249,2
2021-06-01,HMM_MinVar_Top10,BKNG,0.031078564878483674,-0.0670408938752386,0.5360695,2
2021-06-01,HMM_MinVar_Top10,BRK-B,0.25000000000000006,-0.0470259627899072,0.55292106,2
2021-06-01,HMM_MinVar_Top10,CTVA,0.24099262397878168,-0.0367631754449124,0.536013,2
2021-06-01,HMM_MinVar_Top10,EXC,0.07807123481069655,-0.0128490031152493,0.5160888,2
2021-06-01,HMM_MinVar_Top10,GLW,0.04827616231995937,-0.0526433413647748,0.53301543,2
2021-06-01,HMM_MinVar_Top10,IR,0.0649079981288597,-0.0297820916465498,0.5189768,2
2021-06-01,HMM_MinVar_Top10,LEN,1.4259843014222547e-18,0.0073098240194404,0.52494943,2
2021-06-01,HMM_MinVar_Top10,NFLX,0.25000000000000006,0.0689668482574021,0.5182316,2
2021-06-01,HMM_MinVar_Top10,PRU,0.0,-0.0624826290241702,0.5221222,2
2021-06-01,HMM_MinVar_Top10,YUM,0.036673415883218985,-0.036196773689711,0.5266249,2
2021-06-01,HMM_ScoreMV_Top10,BKNG,0.16748347272535583,-0.0670408938752386,0.5360695,2
2021-06-01,HMM_ScoreMV_Top10,BRK-B,0.25,-0.0470259627899072,0.55292106,2
2021-06-01,HMM_ScoreMV_Top10,CTVA,0.24999999999999994,-0.0367631754449124,0.536013,2
2021-06-01,HMM_ScoreMV_Top10,EXC,0.0,-0.0128490031152493,0.5160888,2
2021-06-01,HMM_ScoreMV_Top10,GLW,0.16254550735221834,-0.0526433413647748,0.53301543,2
2021-06-01,HMM_ScoreMV_Top10,IR,6.234339241365921e-17,-0.0297820916465498,0.5189768,2
2021-06-01,HMM_ScoreMV_Top10,LEN,2.1301955538200088e-16,0.0073098240194404,0.52494943,2
2021-06-01,HMM_ScoreMV_Top10,NFLX,0.16997101992242555,0.0689668482574021,0.5182316,2
2021-06-01,HMM_ScoreMV_Top10,PRU,4.3688072274705525e-17,-0.0624826290241702,0.5221222,2
2021-06-01,HMM_ScoreMV_Top10,YUM,4.712195791815353e-18,-0.036196773689711,0.5266249,2
2021-06-01,Static_MinVar_Top10,BKNG,0.03421841320626726,-0.0670408938752386,0.5360695,2
2021-06-01,Static_MinVar_Top10,BRK-B,0.24999999999999992,-0.0470259627899072,0.55292106,2
2021-06-01,Static_MinVar_Top10,CTVA,0.057818417017043405,-0.0367631754449124,0.536013,2
2021-06-01,Static_MinVar_Top10,EXC,0.10093664028881376,-0.0128490031152493,0.5160888,2
2021-06-01,Static_MinVar_Top10,GLW,1.2976349100405979e-17,-0.0526433413647748,0.53301543,2
2021-06-01,Static_MinVar_Top10,IR,0.061508225367027915,-0.0297820916465498,0.5189768,2
2021-06-01,Static_MinVar_Top10,LEN,3.3700281639161637e-18,0.0073098240194404,0.52494943,2
2021-06-01,Static_MinVar_Top10,NFLX,0.24551830412084769,0.0689668482574021,0.5182316,2
2021-06-01,Static_MinVar_Top10,PRU,0.0,-0.0624826290241702,0.5221222,2
2021-06-01,Static_MinVar_Top10,YUM,0.24999999999999994,-0.036196773689711,0.5266249,2
2021-06-01,Static_ScoreMV_Top10,BKNG,0.21352886617567682,-0.0670408938752386,0.5360695,2
2021-06-01,Static_ScoreMV_Top10,BRK-B,0.24999999999999994,-0.0470259627899072,0.55292106,2
2021-06-01,Static_ScoreMV_Top10,CTVA,0.20488416388541866,-0.0367631754449124,0.536013,2
2021-06-01,Static_ScoreMV_Top10,EXC,0.0,-0.0128490031152493,0.5160888,2
2021-06-01,Static_ScoreMV_Top10,GLW,0.0791398625538951,-0.0526433413647748,0.53301543,2
2021-06-01,Static_ScoreMV_Top10,IR,4.171107451831091e-17,-0.0297820916465498,0.5189768,2
2021-06-01,Static_ScoreMV_Top10,LEN,9.29321279933987e-18,0.0073098240194404,0.52494943,2
2021-06-01,Static_ScoreMV_Top10,NFLX,0.05676904434741114,0.0689668482574021,0.5182316,2
2021-06-01,Static_ScoreMV_Top10,PRU,2.572233395561379e-16,-0.0624826290241702,0.5221222,2
2021-06-01,Static_ScoreMV_Top10,YUM,0.19567806303759783,-0.036196773689711,0.5266249,2
2021-07-01,EqualWeight_Top10,AMP,0.1,0.0261763864657391,0.5405642,0
2021-07-01,EqualWeight_Top10,BKNG,0.1,-0.0143707950513747,0.5759068,0
2021-07-01,EqualWeight_Top10,BRK-B,0.1,-0.0067102287636411,0.55189705,0
2021-07-01,EqualWeight_Top10,FCX,0.1,0.0293917281495117,0.6274707,0
2021-07-01,EqualWeight_Top10,HAL,0.1,-0.1310925795538637,0.5365768,0
2021-07-01,EqualWeight_Top10,HPQ,0.1,-0.0487645843374935,0.5376044,0
2021-07-01,EqualWeight_Top10,PRU,0.1,-0.0292353584518695,0.5570581,0
2021-07-01,EqualWeight_Top10,TSLA,0.1,0.0136889518999705,0.5745757,0
2021-07-01,EqualWeight_Top10,TT,0.1,0.0935016551809417,0.53837836,0
2021-07-01,EqualWeight_Top10,URI,0.1,0.0255173349937929,0.5577086,0
2021-07-01,HMM_MinVar_Top10,AMP,0.0690055266250136,0.0261763864657391,0.5405642,0
2021-07-01,HMM_MinVar_Top10,BKNG,0.19861133911420983,-0.0143707950513747,0.5759068,0
2021-07-01,HMM_MinVar_Top10,BRK-B,0.25,-0.0067102287636411,0.55189705,0
2021-07-01,HMM_MinVar_Top10,FCX,0.0,0.0293917281495117,0.6274707,0
2021-07-01,HMM_MinVar_Top10,HAL,0.021399764592178152,-0.1310925795538637,0.5365768,0
2021-07-01,HMM_MinVar_Top10,HPQ,0.03935910840289528,-0.0487645843374935,0.5376044,0
2021-07-01,HMM_MinVar_Top10,PRU,0.10148394623422333,-0.0292353584518695,0.5570581,0
2021-07-01,HMM_MinVar_Top10,TSLA,0.07014031503147984,0.0136889518999705,0.5745757,0
2021-07-01,HMM_MinVar_Top10,TT,0.25,0.0935016551809417,0.53837836,0
2021-07-01,HMM_MinVar_Top10,URI,2.883011527465279e-18,0.0255173349937929,0.5577086,0
2021-07-01,HMM_ScoreMV_Top10,AMP,1.8308951887644106e-16,0.0261763864657391,0.5405642,0
2021-07-01,HMM_ScoreMV_Top10,BKNG,0.24999999999999975,-0.0143707950513747,0.5759068,0
2021-07-01,HMM_ScoreMV_Top10,BRK-B,0.24999999999999994,-0.0067102287636411,0.55189705,0
2021-07-01,HMM_ScoreMV_Top10,FCX,0.2499999999999999,0.0293917281495117,0.6274707,0
2021-07-01,HMM_ScoreMV_Top10,HAL,2.697049878792379e-16,-0.1310925795538637,0.5365768,0
2021-07-01,HMM_ScoreMV_Top10,HPQ,2.0667629105575273e-16,-0.0487645843374935,0.5376044,0
2021-07-01,HMM_ScoreMV_Top10,PRU,0.11822634732673211,-0.0292353584518695,0.5570581,0
2021-07-01,HMM_ScoreMV_Top10,TSLA,0.13177365267326752,0.0136889518999705,0.5745757,0
2021-07-01,HMM_ScoreMV_Top10,TT,5.638063453486165e-17,0.0935016551809417,0.53837836,0
2021-07-01,HMM_ScoreMV_Top10,URI,1.842449904417226e-16,0.0255173349937929,0.5577086,0
2021-07-01,Static_MinVar_Top10,AMP,1.0101866418217424e-18,0.0261763864657391,0.5405642,0
2021-07-01,Static_MinVar_Top10,BKNG,0.23844708865398812,-0.0143707950513747,0.5759068,0
2021-07-01,Static_MinVar_Top10,BRK-B,0.25,-0.0067102287636411,0.55189705,0
2021-07-01,Static_MinVar_Top10,FCX,1.981132511467222e-17,0.0293917281495117,0.6274707,0
2021-07-01,Static_MinVar_Top10,HAL,3.0726320301772606e-18,-0.1310925795538637,0.5365768,0
2021-07-01,Static_MinVar_Top10,HPQ,0.18935067683312357,-0.0487645843374935,0.5376044,0
2021-07-01,Static_MinVar_Top10,PRU,9.41557975272328e-18,-0.0292353584518695,0.5570581,0
2021-07-01,Static_MinVar_Top10,TSLA,0.07220223451288839,0.0136889518999705,0.5745757,0
2021-07-01,Static_MinVar_Top10,TT,0.25,0.0935016551809417,0.53837836,0
2021-07-01,Static_MinVar_Top10,URI,1.2399802496488292e-17,0.0255173349937929,0.5577086,0
2021-07-01,Static_ScoreMV_Top10,AMP,0.0,0.0261763864657391,0.5405642,0
2021-07-01,Static_ScoreMV_Top10,BKNG,0.2499999999999999,-0.0143707950513747,0.5759068,0
2021-07-01,Static_ScoreMV_Top10,BRK-B,0.24999999999999992,-0.0067102287636411,0.55189705,0
2021-07-01,Static_ScoreMV_Top10,FCX,0.24999999999999983,0.0293917281495117,0.6274707,0
2021-07-01,Static_ScoreMV_Top10,HAL,0.0,-0.1310925795538637,0.5365768,0
2021-07-01,Static_ScoreMV_Top10,HPQ,1.8658150536966594e-17,-0.0487645843374935,0.5376044,0
2021-07-01,Static_ScoreMV_Top10,PRU,6.885935951967009e-17,-0.0292353584518695,0.5570581,0
2021-07-01,Static_ScoreMV_Top10,TSLA,0.10221422440265664,0.0136889518999705,0.5745757,0
2021-07-01,Static_ScoreMV_Top10,TT,0.1477857755973436,0.0935016551809417,0.53837836,0
2021-07-01,Static_ScoreMV_Top10,URI,0.0,0.0255173349937929,0.5577086,0
2021-08-02,EqualWeight_Top10,BKNG,0.1,0.0491815781280422,0.5712906,0
2021-08-02,EqualWeight_Top10,EOG,0.1,-0.0590616863804251,0.5574573,0
2021-08-02,EqualWeight_Top10,F,0.1,-0.0618259235585244,0.56759125,0
2021-08-02,EqualWeight_Top10,FCX,0.1,0.000546120385559,0.578302,0
2021-08-02,EqualWeight_Top10,GM,0.1,-0.1378222160965422,0.57396525,0
2021-08-02,EqualWeight_Top10,HPQ,0.1,0.0205904162186487,0.5549075,0
2021-08-02,EqualWeight_Top10,NVDA,0.1,0.1487593654962877,0.54512024,0
2021-08-02,EqualWeight_Top10,OKE,0.1,0.0329114909817629,0.58844656,0
2021-08-02,EqualWeight_Top10,SLB,0.1,-0.0077191752860269,0.55044806,0
2021-08-02,EqualWeight_Top10,SPG,0.1,0.0561272048909242,0.561347,0
2021-08-02,HMM_MinVar_Top10,BKNG,0.16464412616841614,0.0491815781280422,0.5712906,0
2021-08-02,HMM_MinVar_Top10,EOG,0.0,-0.0590616863804251,0.5574573,0
2021-08-02,HMM_MinVar_Top10,F,0.140553158297908,-0.0618259235585244,0.56759125,0
2021-08-02,HMM_MinVar_Top10,FCX,1.1053136037867247e-19,0.000546120385559,0.578302,0
2021-08-02,HMM_MinVar_Top10,GM,0.0445612148204934,-0.1378222160965422,0.57396525,0
2021-08-02,HMM_MinVar_Top10,HPQ,0.07944037279949676,0.0205904162186487,0.5549075,0
2021-08-02,HMM_MinVar_Top10,NVDA,0.13625927913555255,0.1487593654962877,0.54512024,0
2021-08-02,HMM_MinVar_Top10,OKE,0.18454184877813315,0.0329114909817629,0.58844656,0
2021-08-02,HMM_MinVar_Top10,SLB,0.0,-0.0077191752860269,0.55044806,0
2021-08-02,HMM_MinVar_Top10,SPG,0.25,0.0561272048909242,0.561347,0
2021-08-02,HMM_ScoreMV_Top10,BKNG,0.24999999999999967,0.0491815781280422,0.5712906,0
2021-08-02,HMM_ScoreMV_Top10,EOG,9.718293939282848e-17,-0.0590616863804251,0.5574573,0
2021-08-02,HMM_ScoreMV_Top10,F,0.07342000433407397,-0.0618259235585244,0.56759125,0
2021-08-02,HMM_ScoreMV_Top10,FCX,0.17657999566592567,0.000546120385559,0.578302,0
2021-08-02,HMM_ScoreMV_Top10,GM,0.24999999999999994,-0.1378222160965422,0.57396525,0
2021-08-02,HMM_ScoreMV_Top10,HPQ,8.182188178962376e-17,0.0205904162186487,0.5549075,0
2021-08-02,HMM_ScoreMV_Top10,NVDA,2.590371340624589e-16,0.1487593654962877,0.54512024,0
2021-08-02,HMM_ScoreMV_Top10,OKE,0.24999999999999983,0.0329114909817629,0.58844656,0
2021-08-02,HMM_ScoreMV_Top10,SLB,2.4582028262581875e-16,-0.0077191752860269,0.55044806,0
2021-08-02,HMM_ScoreMV_Top10,SPG,3.436865240246576e-16,0.0561272048909242,0.561347,0
2021-08-02,Static_MinVar_Top10,BKNG,0.25,0.0491815781280422,0.5712906,0
2021-08-02,Static_MinVar_Top10,EOG,0.06486810436964854,-0.0590616863804251,0.5574573,0
2021-08-02,Static_MinVar_Top10,F,0.21055332774450572,-0.0618259235585244,0.56759125,0
2021-08-02,Static_MinVar_Top10,FCX,0.0,0.000546120385559,0.578302,0
2021-08-02,Static_MinVar_Top10,GM,0.07822229039979821,-0.1378222160965422,0.57396525,0
2021-08-02,Static_MinVar_Top10,HPQ,0.25,0.0205904162186487,0.5549075,0
2021-08-02,Static_MinVar_Top10,NVDA,0.14635627748604757,0.1487593654962877,0.54512024,0
2021-08-02,Static_MinVar_Top10,OKE,2.612680319531548e-18,0.0329114909817629,0.58844656,0
2021-08-02,Static_MinVar_Top10,SLB,4.679334831713634e-18,-0.0077191752860269,0.55044806,0
2021-08-02,Static_MinVar_Top10,SPG,5.740031839912832e-18,0.0561272048909242,0.561347,0
2021-08-02,Static_ScoreMV_Top10,BKNG,0.25,0.0491815781280422,0.5712906,0
2021-08-02,Static_ScoreMV_Top10,EOG,3.18593949636496e-17,-0.0590616863804251,0.5574573,0
2021-08-02,Static_ScoreMV_Top10,F,0.16944702749779764,-0.0618259235585244,0.56759125,0
2021-08-02,Static_ScoreMV_Top10,FCX,0.09479422506397837,0.000546120385559,0.578302,0
2021-08-02,Static_ScoreMV_Top10,GM,0.24999999999999983,-0.1378222160965422,0.57396525,0
2021-08-02,Static_ScoreMV_Top10,HPQ,1.0360285184013988e-16,0.0205904162186487,0.5549075,0
2021-08-02,Static_ScoreMV_Top10,NVDA,3.652938155520451e-17,0.1487593654962877,0.54512024,0
2021-08-02,Static_ScoreMV_Top10,OKE,0.235758747438224,0.0329114909817629,0.58844656,0
2021-08-02,Static_ScoreMV_Top10,SLB,0.0,-0.0077191752860269,0.55044806,0
2021-08-02,Static_ScoreMV_Top10,SPG,4.1530531708373364e-17,0.0561272048909242,0.561347,0
2021-09-01,EqualWeight_Top10,AIG,0.1,0.0116271557470808,0.561576,1
2021-09-01,EqualWeight_Top10,BKNG,0.1,0.0380525491233565,0.5570021,1
2021-09-01,EqualWeight_Top10,F,0.1,0.0800916214811922,0.5653488,1
2021-09-01,EqualWeight_Top10,FCX,0.1,-0.0936195366315829,0.5579704,1
2021-09-01,EqualWeight_Top10,NVDA,0.1,-0.0768679644006162,0.55310756,1
2021-09-01,EqualWeight_Top10,OKE,0.1,0.1134791941709414,0.5961141,1
2021-09-01,EqualWeight_Top10,PRU,0.1,0.0042957078885181,0.5653484,1
2021-09-01,EqualWeight_Top10,PSX,0.1,0.0118478324156214,0.549305,1
2021-09-01,EqualWeight_Top10,TSLA,0.1,0.0563827722123631,0.569329,1
2021-09-01,EqualWeight_Top10,UBER,0.1,0.1029049831386057,0.6064367,1
2021-09-01,HMM_MinVar_Top10,AIG,0.09795316245490387,0.0116271557470808,0.561576,1
2021-09-01,HMM_MinVar_Top10,BKNG,0.24134037870569747,0.0380525491233565,0.5570021,1
2021-09-01,HMM_MinVar_Top10,F,0.1540346358856487,0.0800916214811922,0.5653488,1
2021-09-01,HMM_MinVar_Top10,FCX,9.063697105512943e-18,-0.0936195366315829,0.5579704,1
2021-09-01,HMM_MinVar_Top10,NVDA,0.25,-0.0768679644006162,0.55310756,1
2021-09-01,HMM_MinVar_Top10,OKE,1.4097908166921093e-17,0.1134791941709414,0.5961141,1
2021-09-01,HMM_MinVar_Top10,PRU,4.256697881765696e-18,0.0042957078885181,0.5653484,1
2021-09-01,HMM_MinVar_Top10,PSX,0.14204257367345202,0.0118478324156214,0.549305,1
2021-09-01,HMM_MinVar_Top10,TSLA,0.11308653939077669,0.0563827722123631,0.569329,1
2021-09-01,HMM_MinVar_Top10,UBER,0.0015427098895211798,0.1029049831386057,0.6064367,1
2021-09-01,HMM_ScoreMV_Top10,AIG,0.09810428900196591,0.0116271557470808,0.561576,1
2021-09-01,HMM_ScoreMV_Top10,BKNG,0.14695368677672602,0.0380525491233565,0.5570021,1
2021-09-01,HMM_ScoreMV_Top10,F,0.19253339164773092,0.0800916214811922,0.5653488,1
2021-09-01,HMM_ScoreMV_Top10,FCX,1.3595862800726298e-17,-0.0936195366315829,0.5579704,1
2021-09-01,HMM_ScoreMV_Top10,NVDA,0.09179104151982805,-0.0768679644006162,0.55310756,1
2021-09-01,HMM_ScoreMV_Top10,OKE,0.06679810945143375,0.1134791941709414,0.5961141,1
2021-09-01,HMM_ScoreMV_Top10,PRU,3.673519004096573e-18,0.0042957078885181,0.5653484,1
2021-09-01,HMM_ScoreMV_Top10,PSX,5.540994771018714e-18,0.0118478324156214,0.549305,1
2021-09-01,HMM_ScoreMV_Top10,TSLA,0.15381948160231534,0.0563827722123631,0.569329,1
2021-09-01,HMM_ScoreMV_Top10,UBER,0.25,0.1029049831386057,0.6064367,1
2021-09-01,Static_MinVar_Top10,AIG,0.019904614611856938,0.0116271557470808,0.561576,1
2021-09-01,Static_MinVar_Top10,BKNG,0.24999999999999994,0.0380525491233565,0.5570021,1
2021-09-01,Static_MinVar_Top10,F,0.24828742223741626,0.0800916214811922,0.5653488,1
2021-09-01,Static_MinVar_Top10,FCX,2.1557105595592536e-18,-0.0936195366315829,0.5579704,1
2021-09-01,Static_MinVar_Top10,NVDA,0.23994408292515493,-0.0768679644006162,0.55310756,1
2021-09-01,Static_MinVar_Top10,OKE,0.0,0.1134791941709414,0.5961141,1
2021-09-01,Static_MinVar_Top10,PRU,0.026103143974544128,0.0042957078885181,0.5653484,1
2021-09-01,Static_MinVar_Top10,PSX,0.10763022422064572,0.0118478324156214,0.549305,1
2021-09-01,Static_MinVar_Top10,TSLA,0.05107367936707921,0.0563827722123631,0.569329,1
2021-09-01,Static_MinVar_Top10,UBER,0.057056832663302776,0.1029049831386057,0.6064367,1
2021-09-01,Static_ScoreMV_Top10,AIG,9.588392079824693e-18,0.0116271557470808,0.561576,1
2021-09-01,Static_ScoreMV_Top10,BKNG,0.20499249160913313,0.0380525491233565,0.5570021,1
2021-09-01,Static_ScoreMV_Top10,F,0.22216236477944848,0.0800916214811922,0.5653488,1
2021-09-01,Static_ScoreMV_Top10,FCX,8.479448699033726e-18,-0.0936195366315829,0.5579704,1
2021-09-01,Static_ScoreMV_Top10,NVDA,0.08101130768623677,-0.0768679644006162,0.55310756,1
2021-09-01,Static_ScoreMV_Top10,OKE,0.13354151512974702,0.1134791941709414,0.5961141,1
2021-09-01,Static_ScoreMV_Top10,PRU,0.05479493219178107,0.0042957078885181,0.5653484,1
2021-09-01,Static_ScoreMV_Top10,PSX,1.3646122921608104e-17,0.0118478324156214,0.549305,1
2021-09-01,Static_ScoreMV_Top10,TSLA,0.05349738860365354,0.0563827722123631,0.569329,1
2021-09-01,Static_ScoreMV_Top10,UBER,0.25000000000000006,0.1029049831386057,0.6064367,1
2021-10-01,EqualWeight_Top10,AIG,0.1,0.0650687147801474,0.5375787,2
2021-10-01,EqualWeight_Top10,AMAT,0.1,0.0582358626299648,0.53296727,2
2021-10-01,EqualWeight_Top10,AMP,0.1,0.1251256408869443,0.5379037,2
2021-10-01,EqualWeight_Top10,ANET,0.1,0.168939710109139,0.537052,2
2021-10-01,EqualWeight_Top10,BKNG,0.1,-0.0142882160962412,0.5411584,2
2021-10-01,EqualWeight_Top10,FCX,0.1,0.1510093703757429,0.53249466,2
2021-10-01,EqualWeight_Top10,NVDA,0.1,0.2326199264171398,0.5320335,2
2021-10-01,EqualWeight_Top10,PRU,0.1,0.0364477692508258,0.53272754,2
2021-10-01,EqualWeight_Top10,SPG,0.1,0.1009464405925331,0.5389199,2
2021-10-01,EqualWeight_Top10,TSLA,0.1,0.437011409547362,0.5665487,2
2021-10-01,HMM_MinVar_Top10,AIG,0.02039341299034624,0.0650687147801474,0.5375787,2
2021-10-01,HMM_MinVar_Top10,AMAT,0.06450231301103748,0.0582358626299648,0.53296727,2
2021-10-01,HMM_MinVar_Top10,AMP,0.06585871947690645,0.1251256408869443,0.5379037,2
2021-10-01,HMM_MinVar_Top10,ANET,0.24999999999999994,0.168939710109139,0.537052,2
2021-10-01,HMM_MinVar_Top10,BKNG,0.24999999999999994,-0.0142882160962412,0.5411584,2
2021-10-01,HMM_MinVar_Top10,FCX,0.0,0.1510093703757429,0.53249466,2
2021-10-01,HMM_MinVar_Top10,NVDA,0.17770781485437082,0.2326199264171398,0.5320335,2
2021-10-01,HMM_MinVar_Top10,PRU,0.14232701698309805,0.0364477692508258,0.53272754,2
2021-10-01,HMM_MinVar_Top10,SPG,0.0012869770269733059,0.1009464405925331,0.5389199,2
2021-10-01,HMM_MinVar_Top10,TSLA,0.027923745657267685,0.437011409547362,0.5665487,2
2021-10-01,HMM_ScoreMV_Top10,AIG,0.05115023458160047,0.0650687147801474,0.5375787,2
2021-10-01,HMM_ScoreMV_Top10,AMAT,0.018299307008455848,0.0582358626299648,0.53296727,2
2021-10-01,HMM_ScoreMV_Top10,AMP,0.18894850607365038,0.1251256408869443,0.5379037,2
2021-10-01,HMM_ScoreMV_Top10,ANET,0.25000000000000006,0.168939710109139,0.537052,2
2021-10-01,HMM_ScoreMV_Top10,BKNG,0.25000000000000006,-0.0142882160962412,0.5411584,2
2021-10-01,HMM_ScoreMV_Top10,FCX,0.0,0.1510093703757429,0.53249466,2
2021-10-01,HMM_ScoreMV_Top10,NVDA,0.05767161452937171,0.2326199264171398,0.5320335,2
2021-10-01,HMM_ScoreMV_Top10,PRU,0.010553537177307318,0.0364477692508258,0.53272754,2
2021-10-01,HMM_ScoreMV_Top10,SPG,0.0,0.1009464405925331,0.5389199,2
2021-10-01,HMM_ScoreMV_Top10,TSLA,0.17337680062961422,0.437011409547362,0.5665487,2
2021-10-01,Static_MinVar_Top10,AIG,0.10534206564295037,0.0650687147801474,0.5375787,2
2021-10-01,Static_MinVar_Top10,AMAT,0.06502054259186697,0.0582358626299648,0.53296727,2
2021-10-01,Static_MinVar_Top10,AMP,0.0,0.1251256408869443,0.5379037,2
2021-10-01,Static_MinVar_Top10,ANET,0.25,0.168939710109139,0.537052,2
2021-10-01,Static_MinVar_Top10,BKNG,0.25,-0.0142882160962412,0.5411584,2
2021-10-01,Static_MinVar_Top10,FCX,0.0,0.1510093703757429,0.53249466,2
2021-10-01,Static_MinVar_Top10,NVDA,0.10172175905930554,0.2326199264171398,0.5320335,2
2021-10-01,Static_MinVar_Top10,PRU,0.10714710994068942,0.0364477692508258,0.53272754,2
2021-10-01,Static_MinVar_Top10,SPG,0.05312367414250141,0.1009464405925331,0.5389199,2
2021-10-01,Static_MinVar_Top10,TSLA,0.06764484862268633,0.437011409547362,0.5665487,2
2021-10-01,Static_ScoreMV_Top10,AIG,0.13931814036890453,0.0650687147801474,0.5375787,2
2021-10-01,Static_ScoreMV_Top10,AMAT,7.949411829916738e-18,0.0582358626299648,0.53296727,2
2021-10-01,Static_ScoreMV_Top10,AMP,0.05945706184623962,0.1251256408869443,0.5379037,2
2021-10-01,Static_ScoreMV_Top10,ANET,0.25,0.168939710109139,0.537052,2
2021-10-01,Static_ScoreMV_Top10,BKNG,0.25,-0.0142882160962412,0.5411584,2
2021-10-01,Static_ScoreMV_Top10,FCX,0.0,0.1510093703757429,0.53249466,2
2021-10-01,Static_ScoreMV_Top10,NVDA,0.0,0.2326199264171398,0.5320335,2
2021-10-01,Static_ScoreMV_Top10,PRU,0.0,0.0364477692508258,0.53272754,2
2021-10-01,Static_ScoreMV_Top10,SPG,0.051224797784855905,0.1009464405925331,0.5389199,2
2021-10-01,Static_ScoreMV_Top10,TSLA,0.25,0.437011409547362,0.5665487,2
2021-11-01,EqualWeight_Top10,AMAT,0.1,0.0567531499477853,0.53868175,1
2021-11-01,EqualWeight_Top10,BKNG,0.1,-0.155778493457332,0.56507033,1
2021-11-01,EqualWeight_Top10,C,0.1,-0.0849013658622965,0.5429136,1
2021-11-01,EqualWeight_Top10,CL,0.1,-0.0122452505755463,0.5321701,1
2021-11-01,EqualWeight_Top10,FDX,0.1,-0.0223646770647949,0.55608934,1
2021-11-01,EqualWeight_Top10,HAL,0.1,-0.1559812497055931,0.5279054,1
2021-11-01,EqualWeight_Top10,KHC,0.1,-0.0746103651225738,0.53024703,1
2021-11-01,EqualWeight_Top10,PRU,0.1,-0.0714455968371262,0.55125177,1
2021-11-01,EqualWeight_Top10,VRTX,0.1,0.0083064109796124,0.5337063,1
2021-11-01,EqualWeight_Top10,XEL,0.1,-0.0119378955497524,0.524258,1
2021-11-01,HMM_MinVar_Top10,AMAT,0.05227285042823386,0.0567531499477853,0.53868175,1
2021-11-01,HMM_MinVar_Top10,BKNG,0.08213851553572828,-0.155778493457332,0.56507033,1
2021-11-01,HMM_MinVar_Top10,C,8.408938590539081e-18,-0.0849013658622965,0.5429136,1
2021-11-01,HMM_MinVar_Top10,CL,0.25,-0.0122452505755463,0.5321701,1
2021-11-01,HMM_MinVar_Top10,FDX,0.04779586540606588,-0.0223646770647949,0.55608934,1
2021-11-01,HMM_MinVar_Top10,HAL,2.6913009923694266e-18,-0.1559812497055931,0.5279054,1
2021-11-01,HMM_MinVar_Top10,KHC,0.21030220865188443,-0.0746103651225738,0.53024703,1
2021-11-01,HMM_MinVar_Top10,PRU,2.0707135630047625e-18,-0.0714455968371262,0.55125177,1
2021-11-01,HMM_MinVar_Top10,VRTX,0.10749055997808757,0.0083064109796124,0.5337063,1
2021-11-01,HMM_MinVar_Top10,XEL,0.25,-0.0119378955497524,0.524258,1
2021-11-01,HMM_ScoreMV_Top10,AMAT,3.9502103626854256e-17,0.0567531499477853,0.53868175,1
2021-11-01,HMM_ScoreMV_Top10,BKNG,0.24999999999999997,-0.155778493457332,0.56507033,1
2021-11-01,HMM_ScoreMV_Top10,C,0.0,-0.0849013658622965,0.5429136,1
2021-11-01,HMM_ScoreMV_Top10,CL,0.25,-0.0122452505755463,0.5321701,1
2021-11-01,HMM_ScoreMV_Top10,FDX,0.25,-0.0223646770647949,0.55608934,1
2021-11-01,HMM_ScoreMV_Top10,HAL,5.027736575956128e-18,-0.1559812497055931,0.5279054,1
2021-11-01,HMM_ScoreMV_Top10,KHC,0.03150742645143636,-0.0746103651225738,0.53024703,1
2021-11-01,HMM_ScoreMV_Top10,PRU,0.12598645548197146,-0.0714455968371262,0.55125177,1
2021-11-01,HMM_ScoreMV_Top10,VRTX,0.09250611806659222,0.0083064109796124,0.5337063,1
2021-11-01,HMM_ScoreMV_Top10,XEL,0.0,-0.0119378955497524,0.524258,1
2021-11-01,Static_MinVar_Top10,AMAT,0.0,0.0567531499477853,0.53868175,1
2021-11-01,Static_MinVar_Top10,BKNG,0.11750586465331565,-0.155778493457332,0.56507033,1
2021-11-01,Static_MinVar_Top10,C,0.0,-0.0849013658622965,0.5429136,1
2021-11-01,Static_MinVar_Top10,CL,0.24999999999999994,-0.0122452505755463,0.5321701,1
2021-11-01,Static_MinVar_Top10,FDX,0.09371845747637392,-0.0223646770647949,0.55608934,1
2021-11-01,Static_MinVar_Top10,HAL,0.0,-0.1559812497055931,0.5279054,1
2021-11-01,Static_MinVar_Top10,KHC,0.1262170019498093,-0.0746103651225738,0.53024703,1
2021-11-01,Static_MinVar_Top10,PRU,0.0,-0.0714455968371262,0.55125177,1
2021-11-01,Static_MinVar_Top10,VRTX,0.16255867592050113,0.0083064109796124,0.5337063,1
2021-11-01,Static_MinVar_Top10,XEL,0.24999999999999994,-0.0119378955497524,0.524258,1
2021-11-01,Static_ScoreMV_Top10,AMAT,0.0,0.0567531499477853,0.53868175,1
2021-11-01,Static_ScoreMV_Top10,BKNG,0.24999999999999994,-0.155778493457332,0.56507033,1
2021-11-01,Static_ScoreMV_Top10,C,2.4783435211890907e-16,-0.0849013658622965,0.5429136,1
2021-11-01,Static_ScoreMV_Top10,CL,0.24999999999999972,-0.0122452505755463,0.5321701,1
2021-11-01,Static_ScoreMV_Top10,FDX,0.24999999999999994,-0.0223646770647949,0.55608934,1
2021-11-01,Static_ScoreMV_Top10,HAL,1.5408148460951233e-16,-0.1559812497055931,0.5279054,1
2021-11-01,Static_ScoreMV_Top10,KHC,0.0,-0.0746103651225738,0.53024703,1
2021-11-01,Static_ScoreMV_Top10,PRU,0.15357347867184157,-0.0714455968371262,0.55125177,1
2021-11-01,Static_ScoreMV_Top10,VRTX,0.09642652132815833,0.0083064109796124,0.5337063,1
2021-11-01,Static_ScoreMV_Top10,XEL,0.0,-0.0119378955497524,0.524258,1
2021-12-01,EqualWeight_Top10,ANET,0.1,0.1792568960890161,0.5334049,0
2021-12-01,EqualWeight_Top10,AON,0.1,0.0299545130149887,0.52716446,0
2021-12-01,EqualWeight_Top10,AZO,0.1,0.1536890965007653,0.53117144,0
2021-12-01,EqualWeight_Top10,BDX,0.1,0.0516703532177915,0.5346987,0
2021-12-01,EqualWeight_Top10,CDNS,0.1,0.0754070078155855,0.54319704,0
2021-12-01,EqualWeight_Top10,FIS,0.1,0.0785470358669642,0.56417936,0
2021-12-01,EqualWeight_Top10,NEM,0.1,0.1545692017605531,0.5483533,0
2021-12-01,EqualWeight_Top10,OKE,0.1,-0.0028987384724444,0.5522922,0
2021-12-01,EqualWeight_Top10,ORLY,0.1,0.1021296320093805,0.53479475,0
2021-12-01,EqualWeight_Top10,OXY,0.1,0.0010162305734466,0.53086436,0
2021-12-01,HMM_MinVar_Top10,ANET,0.035658310962071886,0.1792568960890161,0.5334049,0
2021-12-01,HMM_MinVar_Top10,AON,0.1468461742348869,0.0299545130149887,0.52716446,0
2021-12-01,HMM_MinVar_Top10,AZO,0.12498716364992177,0.1536890965007653,0.53117144,0
2021-12-01,HMM_MinVar_Top10,BDX,0.09758737743575877,0.0516703532177915,0.5346987,0
2021-12-01,HMM_MinVar_Top10,CDNS,0.0466452294450752,0.0754070078155855,0.54319704,0
2021-12-01,HMM_MinVar_Top10,FIS,0.12558861849223363,0.0785470358669642,0.56417936,0
2021-12-01,HMM_MinVar_Top10,NEM,0.14740351471262172,0.1545692017605531,0.5483533,0
2021-12-01,HMM_MinVar_Top10,OKE,0.07128260377296472,-0.0028987384724444,0.5522922,0
2021-12-01,HMM_MinVar_Top10,ORLY,0.1971969346375672,0.1021296320093805,0.53479475,0
2021-12-01,HMM_MinVar_Top10,OXY,0.0068040726568982385,0.0010162305734466,0.53086436,0
2021-12-01,HMM_ScoreMV_Top10,ANET,0.0,0.1792568960890161,0.5334049,0
2021-12-01,HMM_ScoreMV_Top10,AON,0.0,0.0299545130149887,0.52716446,0
2021-12-01,HMM_ScoreMV_Top10,AZO,0.0,0.1536890965007653,0.53117144,0
2021-12-01,HMM_ScoreMV_Top10,BDX,2.5360704446697845e-16,0.0516703532177915,0.5346987,0
2021-12-01,HMM_ScoreMV_Top10,CDNS,0.2499999999999999,0.0754070078155855,0.54319704,0
2021-12-01,HMM_ScoreMV_Top10,FIS,0.2499999999999999,0.0785470358669642,0.56417936,0
2021-12-01,HMM_ScoreMV_Top10,NEM,0.2499999999999999,0.1545692017605531,0.5483533,0
2021-12-01,HMM_ScoreMV_Top10,OKE,0.2499999999999999,-0.0028987384724444,0.5522922,0
2021-12-01,HMM_ScoreMV_Top10,ORLY,1.1449174941446922e-16,0.1021296320093805,0.53479475,0
2021-12-01,HMM_ScoreMV_Top10,OXY,0.0,0.0010162305734466,0.53086436,0
2021-12-01,Static_MinVar_Top10,ANET,0.03158130107162864,0.1792568960890161,0.5334049,0
2021-12-01,Static_MinVar_Top10,AON,0.21813139215396152,0.0299545130149887,0.52716446,0
2021-12-01,Static_MinVar_Top10,AZO,0.14425461198407025,0.1536890965007653,0.53117144,0
2021-12-01,Static_MinVar_Top10,BDX,0.25,0.0516703532177915,0.5346987,0
2021-12-01,Static_MinVar_Top10,CDNS,0.01996192058127897,0.0754070078155855,0.54319704,0
2021-12-01,Static_MinVar_Top10,FIS,0.0443319462027489,0.0785470358669642,0.56417936,0
2021-12-01,Static_MinVar_Top10,NEM,0.19477534038923455,0.1545692017605531,0.5483533,0
2021-12-01,Static_MinVar_Top10,OKE,0.0,-0.0028987384724444,0.5522922,0
2021-12-01,Static_MinVar_Top10,ORLY,0.09696348761707721,0.1021296320093805,0.53479475,0
2021-12-01,Static_MinVar_Top10,OXY,6.80129242903263e-19,0.0010162305734466,0.53086436,0
2021-12-01,Static_ScoreMV_Top10,ANET,0.0,0.1792568960890161,0.5334049,0
2021-12-01,Static_ScoreMV_Top10,AON,0.0,0.0299545130149887,0.52716446,0
2021-12-01,Static_ScoreMV_Top10,AZO,8.3000346504651e-18,0.1536890965007653,0.53117144,0
2021-12-01,Static_ScoreMV_Top10,BDX,0.16947791295686743,0.0516703532177915,0.5346987,0
2021-12-01,Static_ScoreMV_Top10,CDNS,0.2049247460281332,0.0754070078155855,0.54319704,0
2021-12-01,Static_ScoreMV_Top10,FIS,0.24999999999999994,0.0785470358669642,0.56417936,0
2021-12-01,Static_ScoreMV_Top10,NEM,0.24999999999999992,0.1545692017605531,0.5483533,0
2021-12-01,Static_ScoreMV_Top10,OKE,0.12559734101499925,-0.0028987384724444,0.5522922,0
2021-12-01,Static_ScoreMV_Top10,ORLY,1.0848946000296664e-17,0.1021296320093805,0.53479475,0
2021-12-01,Static_ScoreMV_Top10,OXY,1.4261504714681447e-16,0.0010162305734466,0.53086436,0
2022-01-03,EqualWeight_Top10,AMZN,0.1,-0.1127376276557897,0.5292062,2
2022-01-03,EqualWeight_Top10,CMG,0.1,-0.1054138208795597,0.53440666,2
2022-01-03,EqualWeight_Top10,EA,0.1,-0.0371250159626741,0.517549,2
2022-01-03,EqualWeight_Top10,FIS,0.1,0.0687565713313109,0.538578,2
2022-01-03,EqualWeight_Top10,GLW,0.1,0.1339070261408841,0.532529,2
2022-01-03,EqualWeight_Top10,KHC,0.1,-0.0002768862641641,0.5238022,2
2022-01-03,EqualWeight_Top10,LHX,0.1,-0.0077988870788505,0.5187382,2
2022-01-03,EqualWeight_Top10,ODFL,0.1,-0.116002995022361,0.54059136,2
2022-01-03,EqualWeight_Top10,OKE,0.1,0.0476176591447616,0.5224875,2
2022-01-03,EqualWeight_Top10,PRU,0.1,0.0341156152754613,0.5174052,2
2022-01-03,HMM_MinVar_Top10,AMZN,0.17642482086456546,-0.1127376276557897,0.5292062,2
2022-01-03,HMM_MinVar_Top10,CMG,0.03420590995943996,-0.1054138208795597,0.53440666,2
2022-01-03,HMM_MinVar_Top10,EA,0.17615282358841872,-0.0371250159626741,0.517549,2
2022-01-03,HMM_MinVar_Top10,FIS,0.0687916358968669,0.0687565713313109,0.538578,2
2022-01-03,HMM_MinVar_Top10,GLW,0.0,0.1339070261408841,0.532529,2
2022-01-03,HMM_MinVar_Top10,KHC,0.24379352487136366,-0.0002768862641641,0.5238022,2
2022-01-03,HMM_MinVar_Top10,LHX,0.20338141765032983,-0.0077988870788505,0.5187382,2
2022-01-03,HMM_MinVar_Top10,ODFL,0.09724986716901546,-0.116002995022361,0.54059136,2
2022-01-03,HMM_MinVar_Top10,OKE,0.0,0.0476176591447616,0.5224875,2
2022-01-03,HMM_MinVar_Top10,PRU,2.1405855051017967e-18,0.0341156152754613,0.5174052,2
2022-01-03,HMM_ScoreMV_Top10,AMZN,0.2499999999999998,-0.1127376276557897,0.5292062,2
2022-01-03,HMM_ScoreMV_Top10,CMG,0.11867532485381001,-0.1054138208795597,0.53440666,2
2022-01-03,HMM_ScoreMV_Top10,EA,7.602087063036014e-17,-0.0371250159626741,0.517549,2
2022-01-03,HMM_ScoreMV_Top10,FIS,0.24999999999999983,0.0687565713313109,0.538578,2
2022-01-03,HMM_ScoreMV_Top10,GLW,0.1313246751461903,0.1339070261408841,0.532529,2
2022-01-03,HMM_ScoreMV_Top10,KHC,0.0,-0.0002768862641641,0.5238022,2
2022-01-03,HMM_ScoreMV_Top10,LHX,0.0,-0.0077988870788505,0.5187382,2
2022-01-03,HMM_ScoreMV_Top10,ODFL,0.2499999999999999,-0.116002995022361,0.54059136,2
2022-01-03,HMM_ScoreMV_Top10,OKE,5.925807060117725e-17,0.0476176591447616,0.5224875,2
2022-01-03,HMM_ScoreMV_Top10,PRU,0.0,0.0341156152754613,0.5174052,2
2022-01-03,Static_MinVar_Top10,AMZN,0.21701485681047772,-0.1127376276557897,0.5292062,2
2022-01-03,Static_MinVar_Top10,CMG,0.09688687208054717,-0.1054138208795597,0.53440666,2
2022-01-03,Static_MinVar_Top10,EA,0.15115155106374312,-0.0371250159626741,0.517549,2
2022-01-03,Static_MinVar_Top10,FIS,0.0660406333325391,0.0687565713313109,0.538578,2
2022-01-03,Static_MinVar_Top10,GLW,0.0,0.1339070261408841,0.532529,2
2022-01-03,Static_MinVar_Top10,KHC,0.12225070439272566,-0.0002768862641641,0.5238022,2
2022-01-03,Static_MinVar_Top10,LHX,0.22573959174254649,-0.0077988870788505,0.5187382,2
2022-01-03,Static_MinVar_Top10,ODFL,0.12091579057742065,-0.116002995022361,0.54059136,2
2022-01-03,Static_MinVar_Top10,OKE,2.8692965532586937e-18,0.0476176591447616,0.5224875,2
2022-01-03,Static_MinVar_Top10,PRU,0.0,0.0341156152754613,0.5174052,2
2022-01-03,Static_ScoreMV_Top10,AMZN,0.1702958308090157,-0.1127376276557897,0.5292062,2
2022-01-03,Static_ScoreMV_Top10,CMG,0.23245473134069256,-0.1054138208795597,0.53440666,2
2022-01-03,Static_ScoreMV_Top10,EA,6.785289139468893e-18,-0.0371250159626741,0.517549,2
2022-01-03,Static_ScoreMV_Top10,FIS,0.24999999999999992,0.0687565713313109,0.538578,2
2022-01-03,Static_ScoreMV_Top10,GLW,0.09724943785029176,0.1339070261408841,0.532529,2
2022-01-03,Static_ScoreMV_Top10,KHC,0.0,-0.0002768862641641,0.5238022,2
2022-01-03,Static_ScoreMV_Top10,LHX,3.4333271290212904e-17,-0.0077988870788505,0.5187382,2
2022-01-03,Static_ScoreMV_Top10,ODFL,0.24999999999999997,-0.116002995022361,0.54059136,2
2022-01-03,Static_ScoreMV_Top10,OKE,5.58434794371112e-17,0.0476176591447616,0.5224875,2
2022-01-03,Static_ScoreMV_Top10,PRU,6.90578943904931e-17,0.0341156152754613,0.5174052,2
2022-02-01,EqualWeight_Top10,AIG,0.1,0.0326509269706039,0.52765507,1
2022-02-01,EqualWeight_Top10,ANET,0.1,-0.0101367828261902,0.5634925,1
2022-02-01,EqualWeight_Top10,APH,0.1,-0.0372851957884603,0.5204889,1
2022-02-01,EqualWeight_Top10,BIIB,0.1,-0.0940838047279428,0.5207159,1
2022-02-01,EqualWeight_Top10,BKNG,0.1,-0.1225321572919183,0.525064,1
2022-02-01,EqualWeight_Top10,BRK-B,0.1,0.0308320278278018,0.52952176,1
2022-02-01,EqualWeight_Top10,CL,0.1,-0.0637209267106601,0.526394,1
2022-02-01,EqualWeight_Top10,F,0.1,-0.1239109830458584,0.5217741,1
2022-02-01,EqualWeight_Top10,PRU,0.1,-0.0280982723704134,0.5576032,1
2022-02-01,EqualWeight_Top10,SPG,0.1,-0.0582924217716175,0.52608573,1
2022-02-01,HMM_MinVar_Top10,AIG,0.0,0.0326509269706039,0.52765507,1
2022-02-01,HMM_MinVar_Top10,ANET,0.07881575315324077,-0.0101367828261902,0.5634925,1
2022-02-01,HMM_MinVar_Top10,APH,0.21242122656974502,-0.0372851957884603,0.5204889,1
2022-02-01,HMM_MinVar_Top10,BIIB,0.12137552886243859,-0.0940838047279428,0.5207159,1
2022-02-01,HMM_MinVar_Top10,BKNG,0.08738749141457566,-0.1225321572919183,0.525064,1
2022-02-01,HMM_MinVar_Top10,BRK-B,0.25,0.0308320278278018,0.52952176,1
2022-02-01,HMM_MinVar_Top10,CL,0.25,-0.0637209267106601,0.526394,1
2022-02-01,HMM_MinVar_Top10,F,0.0,-0.1239109830458584,0.5217741,1
2022-02-01,HMM_MinVar_Top10,PRU,0.0,-0.0280982723704134,0.5576032,1
2022-02-01,HMM_MinVar_Top10,SPG,3.0893288771965105e-18,-0.0582924217716175,0.52608573,1
2022-02-01,HMM_ScoreMV_Top10,AIG,0.0,0.0326509269706039,0.52765507,1
2022-02-01,HMM_ScoreMV_Top10,ANET,0.24999999999999992,-0.0101367828261902,0.5634925,1
2022-02-01,HMM_ScoreMV_Top10,APH,7.4206964478596e-17,-0.0372851957884603,0.5204889,1
2022-02-01,HMM_ScoreMV_Top10,BIIB,2.2551405187698492e-17,-0.0940838047279428,0.5207159,1
2022-02-01,HMM_ScoreMV_Top10,BKNG,0.0,-0.1225321572919183,0.525064,1
2022-02-01,HMM_ScoreMV_Top10,BRK-B,0.24999999999999994,0.0308320278278018,0.52952176,1
2022-02-01,HMM_ScoreMV_Top10,CL,0.25,-0.0637209267106601,0.526394,1
2022-02-01,HMM_ScoreMV_Top10,F,1.1951978039815618e-16,-0.1239109830458584,0.5217741,1
2022-02-01,HMM_ScoreMV_Top10,PRU,0.25,-0.0280982723704134,0.5576032,1
2022-02-01,HMM_ScoreMV_Top10,SPG,1.2476018099209755e-17,-0.0582924217716175,0.52608573,1
2022-02-01,Static_MinVar_Top10,AIG,0.0,0.0326509269706039,0.52765507,1
2022-02-01,Static_MinVar_Top10,ANET,0.07196797084121999,-0.0101367828261902,0.5634925,1
2022-02-01,Static_MinVar_Top10,APH,0.2405289700831818,-0.0372851957884603,0.5204889,1
2022-02-01,Static_MinVar_Top10,BIIB,0.07774585216755721,-0.0940838047279428,0.5207159,1
2022-02-01,Static_MinVar_Top10,BKNG,0.07031961010249516,-0.1225321572919183,0.525064,1
2022-02-01,Static_MinVar_Top10,BRK-B,0.25,0.0308320278278018,0.52952176,1
2022-02-01,Static_MinVar_Top10,CL,0.25,-0.0637209267106601,0.526394,1
2022-02-01,Static_MinVar_Top10,F,0.039437596805545844,-0.1239109830458584,0.5217741,1
2022-02-01,Static_MinVar_Top10,PRU,0.0,-0.0280982723704134,0.5576032,1
2022-02-01,Static_MinVar_Top10,SPG,0.0,-0.0582924217716175,0.52608573,1
2022-02-01,Static_ScoreMV_Top10,AIG,0.0,0.0326509269706039,0.52765507,1
2022-02-01,Static_ScoreMV_Top10,ANET,0.25000000000000006,-0.0101367828261902,0.5634925,1
2022-02-01,Static_ScoreMV_Top10,APH,0.0,-0.0372851957884603,0.5204889,1
2022-02-01,Static_ScoreMV_Top10,BIIB,1.179611963664229e-16,-0.0940838047279428,0.5207159,1
2022-02-01,Static_ScoreMV_Top10,BKNG,0.0,-0.1225321572919183,0.525064,1
2022-02-01,Static_ScoreMV_Top10,BRK-B,0.24999999999999983,0.0308320278278018,0.52952176,1
2022-02-01,Static_ScoreMV_Top10,CL,0.25000000000000006,-0.0637209267106601,0.526394,1
2022-02-01,Static_ScoreMV_Top10,F,0.0,-0.1239109830458584,0.5217741,1
2022-02-01,Static_ScoreMV_Top10,PRU,0.25000000000000006,-0.0280982723704134,0.5576032,1
2022-02-01,Static_ScoreMV_Top10,SPG,6.811302631115781e-17,-0.0582924217716175,0.52608573,1
2022-03-01,EqualWeight_Top10,AIG,0.1,0.0951197886768508,0.56216675,3
2022-03-01,EqualWeight_Top10,ANET,0.1,0.1944350723818437,0.52483094,3
2022-03-01,EqualWeight_Top10,APH,0.1,0.046440046744018,0.51951694,3
2022-03-01,EqualWeight_Top10,EMR,0.1,0.1066918176170619,0.5200022,3
2022-03-01,EqualWeight_Top10,HLT,0.1,0.0924244462233667,0.5367545,3
2022-03-01,EqualWeight_Top10,IR,0.1,0.0311194170851107,0.525726,3
2022-03-01,EqualWeight_Top10,KMB,0.1,-0.0271351381255036,0.5239741,3
2022-03-01,EqualWeight_Top10,NVDA,0.1,0.2208069032409021,0.540662,3
2022-03-01,EqualWeight_Top10,PRU,0.1,0.1425600276274161,0.5449789,3
2022-03-01,EqualWeight_Top10,ROST,0.1,0.0707839953906863,0.52460724,3
2022-03-01,HMM_MinVar_Top10,AIG,0.0,0.0951197886768508,0.56216675,3
2022-03-01,HMM_MinVar_Top10,ANET,0.04066255652869091,0.1944350723818437,0.52483094,3
2022-03-01,HMM_MinVar_Top10,APH,0.02988622617419101,0.046440046744018,0.51951694,3
2022-03-01,HMM_MinVar_Top10,EMR,0.2152014315704155,0.1066918176170619,0.5200022,3
2022-03-01,HMM_MinVar_Top10,HLT,0.2499999999999999,0.0924244462233667,0.5367545,3
2022-03-01,HMM_MinVar_Top10,IR,0.1522470773244592,0.0311194170851107,0.525726,3
2022-03-01,HMM_MinVar_Top10,KMB,0.24999999999999994,-0.0271351381255036,0.5239741,3
2022-03-01,HMM_MinVar_Top10,NVDA,0.0,0.2208069032409021,0.540662,3
2022-03-01,HMM_MinVar_Top10,PRU,0.0,0.1425600276274161,0.5449789,3
2022-03-01,HMM_MinVar_Top10,ROST,0.062002708402243464,0.0707839953906863,0.52460724,3
2022-03-01,HMM_ScoreMV_Top10,AIG,0.25,0.0951197886768508,0.56216675,3
2022-03-01,HMM_ScoreMV_Top10,ANET,6.540494468040142e-17,0.1944350723818437,0.52483094,3
2022-03-01,HMM_ScoreMV_Top10,APH,0.0,0.046440046744018,0.51951694,3
2022-03-01,HMM_ScoreMV_Top10,EMR,2.397346394536312e-17,0.1066918176170619,0.5200022,3
2022-03-01,HMM_ScoreMV_Top10,HLT,0.25,0.0924244462233667,0.5367545,3
2022-03-01,HMM_ScoreMV_Top10,IR,0.19437378550388143,0.0311194170851107,0.525726,3
2022-03-01,HMM_ScoreMV_Top10,KMB,0.25,-0.0271351381255036,0.5239741,3
2022-03-01,HMM_ScoreMV_Top10,NVDA,0.05562621449611848,0.2208069032409021,0.540662,3
2022-03-01,HMM_ScoreMV_Top10,PRU,3.6179734171003394e-18,0.1425600276274161,0.5449789,3
2022-03-01,HMM_ScoreMV_Top10,ROST,0.0,0.0707839953906863,0.52460724,3
2022-03-01,Static_MinVar_Top10,AIG,1.6464626621845716e-18,0.0951197886768508,0.56216675,3
2022-03-01,Static_MinVar_Top10,ANET,0.1185940449105297,0.1944350723818437,0.52483094,3
2022-03-01,Static_MinVar_Top10,APH,0.24999999999999997,0.046440046744018,0.51951694,3
2022-03-01,Static_MinVar_Top10,EMR,0.08345288502893976,0.1066918176170619,0.5200022,3
2022-03-01,Static_MinVar_Top10,HLT,0.16706651146395865,0.0924244462233667,0.5367545,3
2022-03-01,Static_MinVar_Top10,IR,0.08052228243223226,0.0311194170851107,0.525726,3
2022-03-01,Static_MinVar_Top10,KMB,0.25,-0.0271351381255036,0.5239741,3
2022-03-01,Static_MinVar_Top10,NVDA,0.011424596239491668,0.2208069032409021,0.540662,3
2022-03-01,Static_MinVar_Top10,PRU,3.617806396952479e-18,0.1425600276274161,0.5449789,3
2022-03-01,Static_MinVar_Top10,ROST,0.03893967992484802,0.0707839953906863,0.52460724,3
2022-03-01,Static_ScoreMV_Top10,AIG,0.24999999999999994,0.0951197886768508,0.56216675,3
2022-03-01,Static_ScoreMV_Top10,ANET,9.36867253771242e-18,0.1944350723818437,0.52483094,3
2022-03-01,Static_ScoreMV_Top10,APH,0.0,0.046440046744018,0.51951694,3
2022-03-01,Static_ScoreMV_Top10,EMR,0.0,0.1066918176170619,0.5200022,3
2022-03-01,Static_ScoreMV_Top10,HLT,0.22197470865410188,0.0924244462233667,0.5367545,3
2022-03-01,Static_ScoreMV_Top10,IR,5.644023354059873e-18,0.0311194170851107,0.525726,3
2022-03-01,Static_ScoreMV_Top10,KMB,0.24999999999999994,-0.0271351381255036,0.5239741,3
2022-03-01,Static_ScoreMV_Top10,NVDA,0.1764344074007908,0.2208069032409021,0.540662,3
2022-03-01,Static_ScoreMV_Top10,PRU,0.10159088394510735,0.1425600276274161,0.5449789,3
2022-03-01,Static_ScoreMV_Top10,ROST,6.976777041204315e-19,0.0707839953906863,0.52460724,3
2022-04-01,EqualWeight_Top10,APH,0.1,-0.0526665899574809,0.5161907,2
2022-04-01,EqualWeight_Top10,BAC,0.1,-0.1163814149788011,0.5177535,2
2022-04-01,EqualWeight_Top10,BIIB,0.1,-0.015808149388801,0.5374368,2
2022-04-01,EqualWeight_Top10,DD,0.1,-0.1183945921578616,0.52008826,2
2022-04-01,EqualWeight_Top10,F,0.1,-0.1372406983882516,0.5256642,2
2022-04-01,EqualWeight_Top10,JPM,0.1,-0.1032237090667378,0.5282506,2
2022-04-01,EqualWeight_Top10,MMM,0.1,-0.0252520719414605,0.5274773,2
2022-04-01,EqualWeight_Top10,PRU,0.1,-0.0843751632943917,0.5217225,2
2022-04-01,EqualWeight_Top10,TT,0.1,-0.0924766820254662,0.5251451,2
2022-04-01,EqualWeight_Top10,USB,0.1,-0.076559504680596,0.5508025,2
2022-04-01,HMM_MinVar_Top10,APH,0.25,-0.0526665899574809,0.5161907,2
2022-04-01,HMM_MinVar_Top10,BAC,0.0018813336735313325,-0.1163814149788011,0.5177535,2
2022-04-01,HMM_MinVar_Top10,BIIB,0.10793683862494977,-0.015808149388801,0.5374368,2
2022-04-01,HMM_MinVar_Top10,DD,0.013144511460060364,-0.1183945921578616,0.52008826,2
2022-04-01,HMM_MinVar_Top10,F,2.244539148977325e-19,-0.1372406983882516,0.5256642,2
2022-04-01,HMM_MinVar_Top10,JPM,0.12390803912374428,-0.1032237090667378,0.5282506,2
2022-04-01,HMM_MinVar_Top10,MMM,0.25,-0.0252520719414605,0.5274773,2
2022-04-01,HMM_MinVar_Top10,PRU,6.5208705366358786e-18,-0.0843751632943917,0.5217225,2
2022-04-01,HMM_MinVar_Top10,TT,0.2214504975533104,-0.0924766820254662,0.5251451,2
2022-04-01,HMM_MinVar_Top10,USB,0.031678779564403944,-0.076559504680596,0.5508025,2
2022-04-01,HMM_ScoreMV_Top10,APH,0.0,-0.0526665899574809,0.5161907,2
2022-04-01,HMM_ScoreMV_Top10,BAC,0.0,-0.1163814149788011,0.5177535,2
2022-04-01,HMM_ScoreMV_Top10,BIIB,0.18908663919444146,-0.015808149388801,0.5374368,2
2022-04-01,HMM_ScoreMV_Top10,DD,0.0,-0.1183945921578616,0.52008826,2
2022-04-01,HMM_ScoreMV_Top10,F,0.0,-0.1372406983882516,0.5256642,2
2022-04-01,HMM_ScoreMV_Top10,JPM,0.12700075963586052,-0.1032237090667378,0.5282506,2
2022-04-01,HMM_ScoreMV_Top10,MMM,0.24999999999999994,-0.0252520719414605,0.5274773,2
2022-04-01,HMM_ScoreMV_Top10,PRU,0.0,-0.0843751632943917,0.5217225,2
2022-04-01,HMM_ScoreMV_Top10,TT,0.18391260116969815,-0.0924766820254662,0.5251451,2
2022-04-01,HMM_ScoreMV_Top10,USB,0.24999999999999994,-0.076559504680596,0.5508025,2
2022-04-01,Static_MinVar_Top10,APH,0.25,-0.0526665899574809,0.5161907,2
2022-04-01,Static_MinVar_Top10,BAC,4.397148724090861e-18,-0.1163814149788011,0.5177535,2
2022-04-01,Static_MinVar_Top10,BIIB,0.1306786024330079,-0.015808149388801,0.5374368,2
2022-04-01,Static_MinVar_Top10,DD,0.01789787948746683,-0.1183945921578616,0.52008826,2
2022-04-01,Static_MinVar_Top10,F,0.021689040470538507,-0.1372406983882516,0.5256642,2
2022-04-01,Static_MinVar_Top10,JPM,0.07897091335676398,-0.1032237090667378,0.5282506,2
2022-04-01,Static_MinVar_Top10,MMM,0.25,-0.0252520719414605,0.5274773,2
2022-04-01,Static_MinVar_Top10,PRU,1.888011064481675e-18,-0.0843751632943917,0.5217225,2
2022-04-01,Static_MinVar_Top10,TT,0.24056287270987511,-0.0924766820254662,0.5251451,2
2022-04-01,Static_MinVar_Top10,USB,0.010200691542347694,-0.076559504680596,0.5508025,2
2022-04-01,Static_ScoreMV_Top10,APH,0.0,-0.0526665899574809,0.5161907,2
2022-04-01,Static_ScoreMV_Top10,BAC,7.302992208746274e-17,-0.1163814149788011,0.5177535,2
2022-04-01,Static_ScoreMV_Top10,BIIB,0.2499999999999999,-0.015808149388801,0.5374368,2
2022-04-01,Static_ScoreMV_Top10,DD,9.706269830879905e-17,-0.1183945921578616,0.52008826,2
2022-04-01,Static_ScoreMV_Top10,F,0.0,-0.1372406983882516,0.5256642,2
2022-04-01,Static_ScoreMV_Top10,JPM,0.07524553435175188,-0.1032237090667378,0.5282506,2
2022-04-01,Static_ScoreMV_Top10,MMM,0.24999999999999994,-0.0252520719414605,0.5274773,2
2022-04-01,Static_ScoreMV_Top10,PRU,6.357367026360894e-17,-0.0843751632943917,0.5217225,2
2022-04-01,Static_ScoreMV_Top10,TT,0.17475446564824815,-0.0924766820254662,0.5251451,2
2022-04-01,Static_ScoreMV_Top10,USB,0.24999999999999992,-0.076559504680596,0.5508025,2
2022-05-02,EqualWeight_Top10,BAC,0.1,0.0293306445629195,0.54134846,0
2022-05-02,EqualWeight_Top10,BLK,0.1,0.0708706421510709,0.550467,0
2022-05-02,EqualWeight_Top10,CMG,0.1,-0.040111940359392,0.5556126,0
2022-05-02,EqualWeight_Top10,F,0.1,-0.0413455319637818,0.540399,0
2022-05-02,EqualWeight_Top10,GM,0.1,0.0059818692153537,0.53827864,0
2022-05-02,EqualWeight_Top10,IR,0.1,0.0588471046720191,0.5422979,0
2022-05-02,EqualWeight_Top10,JPM,0.1,0.0978000654624662,0.54320484,0
2022-05-02,EqualWeight_Top10,SBUX,0.1,0.0488638271386525,0.54007035,0
2022-05-02,EqualWeight_Top10,SPG,0.1,-0.0187434602911016,0.5595476,0
2022-05-02,EqualWeight_Top10,TFC,0.1,0.0268674218172719,0.5442582,0
2022-05-02,HMM_MinVar_Top10,BAC,3.117731025612837e-06,0.0293306445629195,0.54134846,0
2022-05-02,HMM_MinVar_Top10,BLK,0.13616736424764073,0.0708706421510709,0.550467,0
2022-05-02,HMM_MinVar_Top10,CMG,0.14454478713330665,-0.040111940359392,0.5556126,0
2022-05-02,HMM_MinVar_Top10,F,0.04580293641089053,-0.0413455319637818,0.540399,0
2022-05-02,HMM_MinVar_Top10,GM,5.315787337669462e-18,0.0059818692153537,0.53827864,0
2022-05-02,HMM_MinVar_Top10,IR,0.037753748437064534,0.0588471046720191,0.5422979,0
2022-05-02,HMM_MinVar_Top10,JPM,0.2062522144229977,0.0978000654624662,0.54320484,0
2022-05-02,HMM_MinVar_Top10,SBUX,0.25,0.0488638271386525,0.54007035,0
2022-05-02,HMM_MinVar_Top10,SPG,0.06827372925120555,-0.0187434602911016,0.5595476,0
2022-05-02,HMM_MinVar_Top10,TFC,0.11120210236586864,0.0268674218172719,0.5442582,0
2022-05-02,HMM_ScoreMV_Top10,BAC,7.456745789519751e-17,0.0293306445629195,0.54134846,0
2022-05-02,HMM_ScoreMV_Top10,BLK,0.24999999999999975,0.0708706421510709,0.550467,0
2022-05-02,HMM_ScoreMV_Top10,CMG,0.2499999999999999,-0.040111940359392,0.5556126,0
2022-05-02,HMM_ScoreMV_Top10,F,1.3549232599467406e-16,-0.0413455319637818,0.540399,0
2022-05-02,HMM_ScoreMV_Top10,GM,0.0,0.0059818692153537,0.53827864,0
2022-05-02,HMM_ScoreMV_Top10,IR,0.0,0.0588471046720191,0.5422979,0
2022-05-02,HMM_ScoreMV_Top10,JPM,0.05356541081086039,0.0978000654624662,0.54320484,0
2022-05-02,HMM_ScoreMV_Top10,SBUX,1.9794268786428944e-16,0.0488638271386525,0.54007035,0
2022-05-02,HMM_ScoreMV_Top10,SPG,0.25,-0.0187434602911016,0.5595476,0
2022-05-02,HMM_ScoreMV_Top10,TFC,0.19643458918913959,0.0268674218172719,0.5442582,0
2022-05-02,Static_MinVar_Top10,BAC,2.6590338923243505e-19,0.0293306445629195,0.54134846,0
2022-05-02,Static_MinVar_Top10,BLK,0.2248656333798672,0.0708706421510709,0.550467,0
2022-05-02,Static_MinVar_Top10,CMG,0.22137720931085306,-0.040111940359392,0.5556126,0
2022-05-02,Static_MinVar_Top10,F,0.04138267931427785,-0.0413455319637818,0.540399,0
2022-05-02,Static_MinVar_Top10,GM,2.933271074959806e-18,0.0059818692153537,0.53827864,0
2022-05-02,Static_MinVar_Top10,IR,0.13855637409584504,0.0588471046720191,0.5422979,0
2022-05-02,Static_MinVar_Top10,JPM,0.13481418743393614,0.0978000654624662,0.54320484,0
2022-05-02,Static_MinVar_Top10,SBUX,0.2390039164652207,0.0488638271386525,0.54007035,0
2022-05-02,Static_MinVar_Top10,SPG,6.399462161447809e-18,-0.0187434602911016,0.5595476,0
2022-05-02,Static_MinVar_Top10,TFC,0.0,0.0268674218172719,0.5442582,0
2022-05-02,Static_ScoreMV_Top10,BAC,9.922751525194556e-17,0.0293306445629195,0.54134846,0
2022-05-02,Static_ScoreMV_Top10,BLK,0.25,0.0708706421510709,0.550467,0
2022-05-02,Static_ScoreMV_Top10,CMG,0.25,-0.040111940359392,0.5556126,0
2022-05-02,Static_ScoreMV_Top10,F,0.0,-0.0413455319637818,0.540399,0
2022-05-02,Static_ScoreMV_Top10,GM,0.0,0.0059818692153537,0.53827864,0
2022-05-02,Static_ScoreMV_Top10,IR,0.08674229017972172,0.0588471046720191,0.5422979,0
2022-05-02,Static_ScoreMV_Top10,JPM,0.14044367803369937,0.0978000654624662,0.54320484,0
2022-05-02,Static_ScoreMV_Top10,SBUX,0.022814031786578873,0.0488638271386525,0.54007035,0
2022-05-02,Static_ScoreMV_Top10,SPG,0.25,-0.0187434602911016,0.5595476,0
2022-05-02,Static_ScoreMV_Top10,TFC,1.51887210373702e-17,0.0268674218172719,0.5442582,0
2022-06-01,EqualWeight_Top10,AIG,0.1,-0.110538265765635,0.5089431,3
2022-06-01,EqualWeight_Top10,APH,0.1,-0.0677448065003711,0.5203586,3
2022-06-01,EqualWeight_Top10,COR,0.1,-0.0568627853623663,0.5099526,3
2022-06-01,EqualWeight_Top10,CSX,0.1,-0.0918750180589366,0.51501805,3
2022-06-01,EqualWeight_Top10,FAST,0.1,-0.0740121906941673,0.5039048,3
2022-06-01,EqualWeight_Top10,KMB,0.1,0.0377412673662667,0.5085695,3
2022-06-01,EqualWeight_Top10,MMM,0.1,-0.1161726316975262,0.50225985,3
2022-06-01,EqualWeight_Top10,NFLX,0.1,-0.0935151531929872,0.69732285,3
2022-06-01,EqualWeight_Top10,O,0.1,0.0062416059688639,0.5040141,3
2022-06-01,EqualWeight_Top10,UBER,0.1,-0.1081081687815592,0.5266825,3
2022-06-01,HMM_MinVar_Top10,AIG,0.0,-0.110538265765635,0.5089431,3
2022-06-01,HMM_MinVar_Top10,APH,6.633062898575608e-18,-0.0677448065003711,0.5203586,3
2022-06-01,HMM_MinVar_Top10,COR,0.15262605178725408,-0.0568627853623663,0.5099526,3
2022-06-01,HMM_MinVar_Top10,CSX,0.0,-0.0918750180589366,0.51501805,3
2022-06-01,HMM_MinVar_Top10,FAST,0.20996714540969577,-0.0740121906941673,0.5039048,3
2022-06-01,HMM_MinVar_Top10,KMB,0.25,0.0377412673662667,0.5085695,3
2022-06-01,HMM_MinVar_Top10,MMM,0.25,-0.1161726316975262,0.50225985,3
2022-06-01,HMM_MinVar_Top10,NFLX,0.017723646358585955,-0.0935151531929872,0.69732285,3
2022-06-01,HMM_MinVar_Top10,O,0.019924062301760137,0.0062416059688639,0.5040141,3
2022-06-01,HMM_MinVar_Top10,UBER,0.09975909414270405,-0.1081081687815592,0.5266825,3
2022-06-01,HMM_ScoreMV_Top10,AIG,6.22892849034203e-17,-0.110538265765635,0.5089431,3
2022-06-01,HMM_ScoreMV_Top10,APH,0.0,-0.0677448065003711,0.5203586,3
2022-06-01,HMM_ScoreMV_Top10,COR,0.12902547977197082,-0.0568627853623663,0.5099526,3
2022-06-01,HMM_ScoreMV_Top10,CSX,3.0212227451949103e-17,-0.0918750180589366,0.51501805,3
2022-06-01,HMM_ScoreMV_Top10,FAST,0.06373010501701924,-0.0740121906941673,0.5039048,3
2022-06-01,HMM_ScoreMV_Top10,KMB,0.25,0.0377412673662667,0.5085695,3
2022-06-01,HMM_ScoreMV_Top10,MMM,0.2499999999999999,-0.1161726316975262,0.50225985,3
2022-06-01,HMM_ScoreMV_Top10,NFLX,0.24999999999999997,-0.0935151531929872,0.69732285,3
2022-06-01,HMM_ScoreMV_Top10,O,0.0,0.0062416059688639,0.5040141,3
2022-06-01,HMM_ScoreMV_Top10,UBER,0.05724441521100995,-0.1081081687815592,0.5266825,3
2022-06-01,Static_MinVar_Top10,AIG,0.0,-0.110538265765635,0.5089431,3
2022-06-01,Static_MinVar_Top10,APH,0.09470975610675574,-0.0677448065003711,0.5203586,3
2022-06-01,Static_MinVar_Top10,COR,0.14258066186962925,-0.0568627853623663,0.5099526,3
2022-06-01,Static_MinVar_Top10,CSX,0.012827843329204806,-0.0918750180589366,0.51501805,3
2022-06-01,Static_MinVar_Top10,FAST,0.08401795134080543,-0.0740121906941673,0.5039048,3
2022-06-01,Static_MinVar_Top10,KMB,0.25,0.0377412673662667,0.5085695,3
2022-06-01,Static_MinVar_Top10,MMM,0.23224849558144683,-0.1161726316975262,0.50225985,3
2022-06-01,Static_MinVar_Top10,NFLX,0.09732464532960017,-0.0935151531929872,0.69732285,3
2022-06-01,Static_MinVar_Top10,O,0.07154628861798926,0.0062416059688639,0.5040141,3
2022-06-01,Static_MinVar_Top10,UBER,0.014744357824568366,-0.1081081687815592,0.5266825,3
2022-06-01,Static_ScoreMV_Top10,AIG,0.0,-0.110538265765635,0.5089431,3
2022-06-01,Static_ScoreMV_Top10,APH,0.1769374852594558,-0.0677448065003711,0.5203586,3
2022-06-01,Static_ScoreMV_Top10,COR,0.13525357630997545,-0.0568627853623663,0.5099526,3
2022-06-01,Static_ScoreMV_Top10,CSX,0.05322566803281259,-0.0918750180589366,0.51501805,3
2022-06-01,Static_ScoreMV_Top10,FAST,0.0,-0.0740121906941673,0.5039048,3
2022-06-01,Static_ScoreMV_Top10,KMB,0.24999999999999992,0.0377412673662667,0.5085695,3
2022-06-01,Static_ScoreMV_Top10,MMM,0.10831782281567434,-0.1161726316975262,0.50225985,3
2022-06-01,Static_ScoreMV_Top10,NFLX,0.25,-0.0935151531929872,0.69732285,3
2022-06-01,Static_ScoreMV_Top10,O,0.016389295464294133,0.0062416059688639,0.5040141,3
2022-06-01,Static_ScoreMV_Top10,UBER,0.009876152117787853,-0.1081081687815592,0.5266825,3
2022-07-01,EqualWeight_Top10,AMP,0.1,0.1201411074614331,0.5197889,2
2022-07-01,EqualWeight_Top10,APH,0.1,0.2003136411336146,0.5300011,2
2022-07-01,EqualWeight_Top10,BAC,0.1,0.0681241179644485,0.52584445,2
2022-07-01,EqualWeight_Top10,CMG,0.1,0.1917508630176143,0.5562058,2
2022-07-01,EqualWeight_Top10,CSCO,0.1,0.0724776740241379,0.5186137,2
2022-07-01,EqualWeight_Top10,F,0.1,0.3551239329858457,0.5306409,2
2022-07-01,EqualWeight_Top10,GM,0.1,0.142280424414753,0.53491336,2
2022-07-01,EqualWeight_Top10,NFLX,0.1,0.2570713662095425,0.6717881,2
2022-07-01,EqualWeight_Top10,SPG,0.1,0.1353468590541569,0.5304104,2
2022-07-01,EqualWeight_Top10,UBER,0.1,0.1527647706453505,0.5319764,2
2022-07-01,HMM_MinVar_Top10,AMP,0.0,0.1201411074614331,0.5197889,2
2022-07-01,HMM_MinVar_Top10,APH,0.24999999999999994,0.2003136411336146,0.5300011,2
2022-07-01,HMM_MinVar_Top10,BAC,0.14871589872916877,0.0681241179644485,0.52584445,2
2022-07-01,HMM_MinVar_Top10,CMG,0.0720538226219716,0.1917508630176143,0.5562058,2
2022-07-01,HMM_MinVar_Top10,CSCO,0.24999999999999994,0.0724776740241379,0.5186137,2
2022-07-01,HMM_MinVar_Top10,F,0.03640680050899836,0.3551239329858457,0.5306409,2
2022-07-01,HMM_MinVar_Top10,GM,0.0,0.142280424414753,0.53491336,2
2022-07-01,HMM_MinVar_Top10,NFLX,0.24282347813986133,0.2570713662095425,0.6717881,2
2022-07-01,HMM_MinVar_Top10,SPG,2.851646270618796e-18,0.1353468590541569,0.5304104,2
2022-07-01,HMM_MinVar_Top10,UBER,0.0,0.1527647706453505,0.5319764,2
2022-07-01,HMM_ScoreMV_Top10,AMP,5.297228602663478e-17,0.1201411074614331,0.5197889,2
2022-07-01,HMM_ScoreMV_Top10,APH,0.2017783181702795,0.2003136411336146,0.5300011,2
2022-07-01,HMM_ScoreMV_Top10,BAC,0.11372830657222537,0.0681241179644485,0.52584445,2
2022-07-01,HMM_ScoreMV_Top10,CMG,0.1710509838672576,0.1917508630176143,0.5562058,2
2022-07-01,HMM_ScoreMV_Top10,CSCO,0.22960585818846993,0.0724776740241379,0.5186137,2
2022-07-01,HMM_ScoreMV_Top10,F,0.033836533201767584,0.3551239329858457,0.5306409,2
2022-07-01,HMM_ScoreMV_Top10,GM,1.282904556964872e-16,0.142280424414753,0.53491336,2
2022-07-01,HMM_ScoreMV_Top10,NFLX,0.24999999999999997,0.2570713662095425,0.6717881,2
2022-07-01,HMM_ScoreMV_Top10,SPG,2.268358597437106e-18,0.1353468590541569,0.5304104,2
2022-07-01,HMM_ScoreMV_Top10,UBER,0.0,0.1527647706453505,0.5319764,2
2022-07-01,Static_MinVar_Top10,AMP,0.0,0.1201411074614331,0.5197889,2
2022-07-01,Static_MinVar_Top10,APH,0.25,0.2003136411336146,0.5300011,2
2022-07-01,Static_MinVar_Top10,BAC,0.11827991092071581,0.0681241179644485,0.52584445,2
2022-07-01,Static_MinVar_Top10,CMG,0.19285903731478224,0.1917508630176143,0.5562058,2
2022-07-01,Static_MinVar_Top10,CSCO,0.24999999999999997,0.0724776740241379,0.5186137,2
2022-07-01,Static_MinVar_Top10,F,0.04987269848887325,0.3551239329858457,0.5306409,2
2022-07-01,Static_MinVar_Top10,GM,1.2351032359507086e-17,0.142280424414753,0.53491336,2
2022-07-01,Static_MinVar_Top10,NFLX,0.13898835327562878,0.2570713662095425,0.6717881,2
2022-07-01,Static_MinVar_Top10,SPG,3.554173439985788e-18,0.1353468590541569,0.5304104,2
2022-07-01,Static_MinVar_Top10,UBER,1.953881857213264e-20,0.1527647706453505,0.5319764,2
2022-07-01,Static_ScoreMV_Top10,AMP,7.929926982133695e-19,0.1201411074614331,0.5197889,2
2022-07-01,Static_ScoreMV_Top10,APH,0.23633978712390682,0.2003136411336146,0.5300011,2
2022-07-01,Static_ScoreMV_Top10,BAC,0.06837378961076644,0.0681241179644485,0.52584445,2
2022-07-01,Static_ScoreMV_Top10,CMG,0.24999999999999994,0.1917508630176143,0.5562058,2
2022-07-01,Static_ScoreMV_Top10,CSCO,0.16354959386672963,0.0724776740241379,0.5186137,2
2022-07-01,Static_ScoreMV_Top10,F,0.03173682939859704,0.3551239329858457,0.5306409,2
2022-07-01,Static_ScoreMV_Top10,GM,0.0,0.142280424414753,0.53491336,2
2022-07-01,Static_ScoreMV_Top10,NFLX,0.24999999999999994,0.2570713662095425,0.6717881,2
2022-07-01,Static_ScoreMV_Top10,SPG,6.8636778311849356e-18,0.1353468590541569,0.5304104,2
2022-07-01,Static_ScoreMV_Top10,UBER,0.0,0.1527647706453505,0.5319764,2
2022-08-01,EqualWeight_Top10,AIG,0.1,0.0344830999369216,0.5235845,3
2022-08-01,EqualWeight_Top10,BAC,0.1,0.0056366826108091,0.51783955,3
2022-08-01,EqualWeight_Top10,BKNG,0.1,-0.0042010462466519,0.5307046,3
2022-08-01,EqualWeight_Top10,COF,0.1,-0.0175417675140533,0.5322692,3
2022-08-01,EqualWeight_Top10,JPM,0.1,0.0015761543849659,0.5229069,3
2022-08-01,EqualWeight_Top10,MU,0.1,-0.0884232998714895,0.50437194,3
2022-08-01,EqualWeight_Top10,NFLX,0.1,-0.0072498808802994,0.6046588,3
2022-08-01,EqualWeight_Top10,ORLY,0.1,-0.0059520610067488,0.5059631,3
2022-08-01,EqualWeight_Top10,ROST,0.1,0.0566221909663891,0.51015514,3
2022-08-01,EqualWeight_Top10,UBER,0.1,0.1682926555060928,0.51759,3
2022-08-01,HMM_MinVar_Top10,AIG,4.1610474618778734e-17,0.0344830999369216,0.5235845,3
2022-08-01,HMM_MinVar_Top10,BAC,0.0,0.0056366826108091,0.51783955,3
2022-08-01,HMM_MinVar_Top10,BKNG,0.11593894201240437,-0.0042010462466519,0.5307046,3
2022-08-01,HMM_MinVar_Top10,COF,1.1464504012026111e-17,-0.0175417675140533,0.5322692,3
2022-08-01,HMM_MinVar_Top10,JPM,0.24665957493624377,0.0015761543849659,0.5229069,3
2022-08-01,HMM_MinVar_Top10,MU,0.0,-0.0884232998714895,0.50437194,3
2022-08-01,HMM_MinVar_Top10,NFLX,0.18275746801095727,-0.0072498808802994,0.6046588,3
2022-08-01,HMM_MinVar_Top10,ORLY,0.24999999999999997,-0.0059520610067488,0.5059631,3
2022-08-01,HMM_MinVar_Top10,ROST,0.10109281907628057,0.0566221909663891,0.51015514,3
2022-08-01,HMM_MinVar_Top10,UBER,0.10355119596411407,0.1682926555060928,0.51759,3
2022-08-01,HMM_ScoreMV_Top10,AIG,0.0,0.0344830999369216,0.5235845,3
2022-08-01,HMM_ScoreMV_Top10,BAC,3.011616581321637e-17,0.0056366826108091,0.51783955,3
2022-08-01,HMM_ScoreMV_Top10,BKNG,0.1909187323437656,-0.0042010462466519,0.5307046,3
2022-08-01,HMM_ScoreMV_Top10,COF,1.0977282142743515e-17,-0.0175417675140533,0.5322692,3
2022-08-01,HMM_ScoreMV_Top10,JPM,0.24778372534473186,0.0015761543849659,0.5229069,3
2022-08-01,HMM_ScoreMV_Top10,MU,0.0,-0.0884232998714895,0.50437194,3
2022-08-01,HMM_ScoreMV_Top10,NFLX,0.25,-0.0072498808802994,0.6046588,3
2022-08-01,HMM_ScoreMV_Top10,ORLY,0.181593293692145,-0.0059520610067488,0.5059631,3
2022-08-01,HMM_ScoreMV_Top10,ROST,0.06740862792154453,0.0566221909663891,0.51015514,3
2022-08-01,HMM_ScoreMV_Top10,UBER,0.06229562069781295,0.1682926555060928,0.51759,3
2022-08-01,Static_MinVar_Top10,AIG,2.573954812227378e-18,0.0344830999369216,0.5235845,3
2022-08-01,Static_MinVar_Top10,BAC,0.056188776072492445,0.0056366826108091,0.51783955,3
2022-08-01,Static_MinVar_Top10,BKNG,0.1335444825958369,-0.0042010462466519,0.5307046,3
2022-08-01,Static_MinVar_Top10,COF,2.3960778933039748e-18,-0.0175417675140533,0.5322692,3
2022-08-01,Static_MinVar_Top10,JPM,0.23960398466732974,0.0015761543849659,0.5229069,3
2022-08-01,Static_MinVar_Top10,MU,0.022849103734280243,-0.0884232998714895,0.50437194,3
2022-08-01,Static_MinVar_Top10,NFLX,0.20673198905068277,-0.0072498808802994,0.6046588,3
2022-08-01,Static_MinVar_Top10,ORLY,0.24999999999999997,-0.0059520610067488,0.5059631,3
2022-08-01,Static_MinVar_Top10,ROST,0.08350759985853903,0.0566221909663891,0.51015514,3
2022-08-01,Static_MinVar_Top10,UBER,0.007574064020838947,0.1682926555060928,0.51759,3
2022-08-01,Static_ScoreMV_Top10,AIG,0.0016226869489181755,0.0344830999369216,0.5235845,3
2022-08-01,Static_ScoreMV_Top10,BAC,0.0,0.0056366826108091,0.51783955,3
2022-08-01,Static_ScoreMV_Top10,BKNG,0.23371402052703524,-0.0042010462466519,0.5307046,3
2022-08-01,Static_ScoreMV_Top10,COF,0.027583228025350303,-0.0175417675140533,0.5322692,3
2022-08-01,Static_ScoreMV_Top10,JPM,0.25,0.0015761543849659,0.5229069,3
2022-08-01,Static_ScoreMV_Top10,MU,0.0,-0.0884232998714895,0.50437194,3
2022-08-01,Static_ScoreMV_Top10,NFLX,0.25,-0.0072498808802994,0.6046588,3
2022-08-01,Static_ScoreMV_Top10,ORLY,0.23708006449869637,-0.0059520610067488,0.5059631,3
2022-08-01,Static_ScoreMV_Top10,ROST,4.336549117598374e-17,0.0566221909663891,0.51015514,3
2022-08-01,Static_ScoreMV_Top10,UBER,4.524129340208031e-18,0.1682926555060928,0.51759,3
2022-09-01,EqualWeight_Top10,AJG,0.1,-0.0571584789772998,0.5190492,2
2022-09-01,EqualWeight_Top10,BRK-B,0.1,-0.0545622067830432,0.5344323,2
2022-09-01,EqualWeight_Top10,KDP,0.1,-0.060344902308498,0.5105007,2
2022-09-01,EqualWeight_Top10,KHC,0.1,-0.11538471623474,0.5154675,2
2022-09-01,EqualWeight_Top10,NEM,0.1,0.0411056812559658,0.53130436,2
2022-09-01,EqualWeight_Top10,ORLY,0.1,-0.0044163273385777,0.5168023,2
2022-09-01,EqualWeight_Top10,SHW,0.1,-0.1187104828743138,0.5207286,2
2022-09-01,EqualWeight_Top10,USB,0.1,-0.1106881637483299,0.52036434,2
2022-09-01,EqualWeight_Top10,WELL,0.1,-0.1600941041819886,0.51557785,2
2022-09-01,EqualWeight_Top10,WM,0.1,-0.0542715564883694,0.5129568,2
2022-09-01,HMM_MinVar_Top10,AJG,0.020233565786931154,-0.0571584789772998,0.5190492,2
2022-09-01,HMM_MinVar_Top10,BRK-B,0.2294301643710679,-0.0545622067830432,0.5344323,2
2022-09-01,HMM_MinVar_Top10,KDP,0.23817051036919382,-0.060344902308498,0.5105007,2
2022-09-01,HMM_MinVar_Top10,KHC,0.19998906856062854,-0.11538471623474,0.5154675,2
2022-09-01,HMM_MinVar_Top10,NEM,0.07436799386401072,0.0411056812559658,0.53130436,2
2022-09-01,HMM_MinVar_Top10,ORLY,0.050067396089544546,-0.0044163273385777,0.5168023,2
2022-09-01,HMM_MinVar_Top10,SHW,8.214792795502977e-18,-0.1187104828743138,0.5207286,2
2022-09-01,HMM_MinVar_Top10,USB,0.0,-0.1106881637483299,0.52036434,2
2022-09-01,HMM_MinVar_Top10,WELL,0.0,-0.1600941041819886,0.51557785,2
2022-09-01,HMM_MinVar_Top10,WM,0.18774130095862343,-0.0542715564883694,0.5129568,2
2022-09-01,HMM_ScoreMV_Top10,AJG,0.1166274326217999,-0.0571584789772998,0.5190492,2
2022-09-01,HMM_ScoreMV_Top10,BRK-B,0.25,-0.0545622067830432,0.5344323,2
2022-09-01,HMM_ScoreMV_Top10,KDP,0.0,-0.060344902308498,0.5105007,2
2022-09-01,HMM_ScoreMV_Top10,KHC,0.09097627367472792,-0.11538471623474,0.5154675,2
2022-09-01,HMM_ScoreMV_Top10,NEM,0.24999999999999978,0.0411056812559658,0.53130436,2
2022-09-01,HMM_ScoreMV_Top10,ORLY,0.036544048859708064,-0.0044163273385777,0.5168023,2
2022-09-01,HMM_ScoreMV_Top10,SHW,0.1957473110928126,-0.1187104828743138,0.5207286,2
2022-09-01,HMM_ScoreMV_Top10,USB,0.0601049337509515,-0.1106881637483299,0.52036434,2
2022-09-01,HMM_ScoreMV_Top10,WELL,1.8867594433490107e-16,-0.1600941041819886,0.51557785,2
2022-09-01,HMM_ScoreMV_Top10,WM,1.1026564843461523e-16,-0.0542715564883694,0.5129568,2
2022-09-01,Static_MinVar_Top10,AJG,0.029680282778387194,-0.0571584789772998,0.5190492,2
2022-09-01,Static_MinVar_Top10,BRK-B,0.19967881655374445,-0.0545622067830432,0.5344323,2
2022-09-01,Static_MinVar_Top10,KDP,0.24427683373220715,-0.060344902308498,0.5105007,2
2022-09-01,Static_MinVar_Top10,KHC,0.0716207997996754,-0.11538471623474,0.5154675,2
2022-09-01,Static_MinVar_Top10,NEM,0.16078685975593343,0.0411056812559658,0.53130436,2
2022-09-01,Static_MinVar_Top10,ORLY,0.06745984190302598,-0.0044163273385777,0.5168023,2
2022-09-01,Static_MinVar_Top10,SHW,0.020957537101081076,-0.1187104828743138,0.5207286,2
2022-09-01,Static_MinVar_Top10,USB,0.0,-0.1106881637483299,0.52036434,2
2022-09-01,Static_MinVar_Top10,WELL,4.511640588336694e-18,-0.1600941041819886,0.51557785,2
2022-09-01,Static_MinVar_Top10,WM,0.20553902837594543,-0.0542715564883694,0.5129568,2
2022-09-01,Static_ScoreMV_Top10,AJG,0.15409970158672295,-0.0571584789772998,0.5190492,2
2022-09-01,Static_ScoreMV_Top10,BRK-B,0.25,-0.0545622067830432,0.5344323,2
2022-09-01,Static_ScoreMV_Top10,KDP,6.292131879516754e-17,-0.060344902308498,0.5105007,2
2022-09-01,Static_ScoreMV_Top10,KHC,0.0,-0.11538471623474,0.5154675,2
2022-09-01,Static_ScoreMV_Top10,NEM,0.24999999999999983,0.0411056812559658,0.53130436,2
2022-09-01,Static_ScoreMV_Top10,ORLY,0.004463004331209947,-0.0044163273385777,0.5168023,2
2022-09-01,Static_ScoreMV_Top10,SHW,0.2499999999999999,-0.1187104828743138,0.5207286,2
2022-09-01,Static_ScoreMV_Top10,USB,0.09143729408206713,-0.1106881637483299,0.52036434,2
2022-09-01,Static_ScoreMV_Top10,WELL,1.0657274051440285e-16,-0.1600941041819886,0.51557785,2
2022-09-01,Static_ScoreMV_Top10,WM,1.18496641715655e-16,-0.0542715564883694,0.5129568,2
2022-10-03,EqualWeight_Top10,BRK-B,0.1,0.0817082461229361,0.51722354,2
2022-10-03,EqualWeight_Top10,GD,0.1,0.1390572310891589,0.51680154,2
2022-10-03,EqualWeight_Top10,HLT,0.1,0.1107823860348662,0.51364976,2
2022-10-03,EqualWeight_Top10,KDP,0.1,0.0534310177854837,0.51584166,2
2022-10-03,EqualWeight_Top10,ORLY,0.1,0.1656664499557016,0.5326236,2
2022-10-03,EqualWeight_Top10,PFE,0.1,0.0545987987115048,0.5183942,2
2022-10-03,EqualWeight_Top10,RSG,0.1,-0.0479539504908292,0.51448375,2
2022-10-03,EqualWeight_Top10,WELL,0.1,-0.0663812426390659,0.51625377,2
2022-10-03,EqualWeight_Top10,WM,0.1,-0.0407050327849616,0.51861984,2
2022-10-03,EqualWeight_Top10,WMT,0.1,0.0739455279266119,0.5167757,2
2022-10-03,HMM_MinVar_Top10,BRK-B,0.1581688846257783,0.0817082461229361,0.51722354,2
2022-10-03,HMM_MinVar_Top10,GD,0.002487591583238741,0.1390572310891589,0.51680154,2
2022-10-03,HMM_MinVar_Top10,HLT,0.030256491908464456,0.1107823860348662,0.51364976,2
2022-10-03,HMM_MinVar_Top10,KDP,0.19022182435096244,0.0534310177854837,0.51584166,2
2022-10-03,HMM_MinVar_Top10,ORLY,1.629572210619078e-17,0.1656664499557016,0.5326236,2
2022-10-03,HMM_MinVar_Top10,PFE,0.17250311166783144,0.0545987987115048,0.5183942,2
2022-10-03,HMM_MinVar_Top10,RSG,0.07049459488854667,-0.0479539504908292,0.51448375,2
2022-10-03,HMM_MinVar_Top10,WELL,9.721141795037632e-18,-0.0663812426390659,0.51625377,2
2022-10-03,HMM_MinVar_Top10,WM,0.1258675009751779,-0.0407050327849616,0.51861984,2
2022-10-03,HMM_MinVar_Top10,WMT,0.25,0.0739455279266119,0.5167757,2
2022-10-03,HMM_ScoreMV_Top10,BRK-B,0.03746013269320257,0.0817082461229361,0.51722354,2
2022-10-03,HMM_ScoreMV_Top10,GD,2.3423253265985116e-17,0.1390572310891589,0.51680154,2
2022-10-03,HMM_ScoreMV_Top10,HLT,5.168881600742081e-17,0.1107823860348662,0.51364976,2
2022-10-03,HMM_ScoreMV_Top10,KDP,0.04387413702634783,0.0534310177854837,0.51584166,2
2022-10-03,HMM_ScoreMV_Top10,ORLY,0.24999999999999994,0.1656664499557016,0.5326236,2
2022-10-03,HMM_ScoreMV_Top10,PFE,0.17271565199830877,0.0545987987115048,0.5183942,2
2022-10-03,HMM_ScoreMV_Top10,RSG,0.0,-0.0479539504908292,0.51448375,2
2022-10-03,HMM_ScoreMV_Top10,WELL,0.0,-0.0663812426390659,0.51625377,2
2022-10-03,HMM_ScoreMV_Top10,WM,0.2459500782821409,-0.0407050327849616,0.51861984,2
2022-10-03,HMM_ScoreMV_Top10,WMT,0.24999999999999994,0.0739455279266119,0.5167757,2
2022-10-03,Static_MinVar_Top10,BRK-B,0.06585238937203101,0.0817082461229361,0.51722354,2
2022-10-03,Static_MinVar_Top10,GD,0.03939847745760485,0.1390572310891589,0.51680154,2
2022-10-03,Static_MinVar_Top10,HLT,0.05959860804166122,0.1107823860348662,0.51364976,2
2022-10-03,Static_MinVar_Top10,KDP,0.21894051915923043,0.0534310177854837,0.51584166,2
2022-10-03,Static_MinVar_Top10,ORLY,0.009908370046001327,0.1656664499557016,0.5326236,2
2022-10-03,Static_MinVar_Top10,PFE,0.16661612181592964,0.0545987987115048,0.5183942,2
2022-10-03,Static_MinVar_Top10,RSG,0.06052985946398393,-0.0479539504908292,0.51448375,2
2022-10-03,Static_MinVar_Top10,WELL,0.0,-0.0663812426390659,0.51625377,2
2022-10-03,Static_MinVar_Top10,WM,0.12915565464355772,-0.0407050327849616,0.51861984,2
2022-10-03,Static_MinVar_Top10,WMT,0.25,0.0739455279266119,0.5167757,2
2022-10-03,Static_ScoreMV_Top10,BRK-B,0.04442398534028236,0.0817082461229361,0.51722354,2
2022-10-03,Static_ScoreMV_Top10,GD,2.834575212929246e-17,0.1390572310891589,0.51680154,2
2022-10-03,Static_ScoreMV_Top10,HLT,0.0,0.1107823860348662,0.51364976,2
2022-10-03,Static_ScoreMV_Top10,KDP,0.05751766656439547,0.0534310177854837,0.51584166,2
2022-10-03,Static_ScoreMV_Top10,ORLY,0.24999999999999997,0.1656664499557016,0.5326236,2
2022-10-03,Static_ScoreMV_Top10,PFE,0.23757534113649978,0.0545987987115048,0.5183942,2
2022-10-03,Static_ScoreMV_Top10,RSG,3.3691645828155495e-17,-0.0479539504908292,0.51448375,2
2022-10-03,Static_ScoreMV_Top10,WELL,3.6317729519530725e-17,-0.0663812426390659,0.51625377,2
2022-10-03,Static_ScoreMV_Top10,WM,0.24999999999999994,-0.0407050327849616,0.51861984,2
2022-10-03,Static_ScoreMV_Top10,WMT,0.16048300695882245,0.0739455279266119,0.5167757,2
2022-11-01,EqualWeight_Top10,BAC,0.1,0.0455802498594299,0.49899012,2
2022-11-01,EqualWeight_Top10,BKNG,0.1,0.1005175110605476,0.5086414,2
2022-11-01,EqualWeight_Top10,DOW,0.1,0.101443959979812,0.52649814,2
2022-11-01,EqualWeight_Top10,HPQ,0.1,0.0786355967680934,0.5076543,2
2022-11-01,EqualWeight_Top10,KDP,0.1,0.0219344689645955,0.50173956,2
2022-11-01,EqualWeight_Top10,MU,0.1,0.0508567807107183,0.51622045,2
2022-11-01,EqualWeight_Top10,NEM,0.1,0.138096329904571,0.5366863,2
2022-11-01,EqualWeight_Top10,NFLX,0.1,0.0654926001522686,0.51023114,2
2022-11-01,EqualWeight_Top10,WELL,0.1,0.1925298574062692,0.5093793,2
2022-11-01,EqualWeight_Top10,WM,0.1,0.0715563680128044,0.5000314,2
2022-11-01,HMM_MinVar_Top10,BAC,0.03240286900640117,0.0455802498594299,0.49899012,2
2022-11-01,HMM_MinVar_Top10,BKNG,0.05793878713223127,0.1005175110605476,0.5086414,2
2022-11-01,HMM_MinVar_Top10,DOW,0.07362647526009346,0.101443959979812,0.52649814,2
2022-11-01,HMM_MinVar_Top10,HPQ,0.0,0.0786355967680934,0.5076543,2
2022-11-01,HMM_MinVar_Top10,KDP,0.25,0.0219344689645955,0.50173956,2
2022-11-01,HMM_MinVar_Top10,MU,0.027854131938508497,0.0508567807107183,0.51622045,2
2022-11-01,HMM_MinVar_Top10,NEM,0.16743000492921425,0.138096329904571,0.5366863,2
2022-11-01,HMM_MinVar_Top10,NFLX,0.14074773173355132,0.0654926001522686,0.51023114,2
2022-11-01,HMM_MinVar_Top10,WELL,0.0,0.1925298574062692,0.5093793,2
2022-11-01,HMM_MinVar_Top10,WM,0.25,0.0715563680128044,0.5000314,2
2022-11-01,HMM_ScoreMV_Top10,BAC,0.0,0.0455802498594299,0.49899012,2
2022-11-01,HMM_ScoreMV_Top10,BKNG,0.0029182308175843413,0.1005175110605476,0.5086414,2
2022-11-01,HMM_ScoreMV_Top10,DOW,0.24999999999999994,0.101443959979812,0.52649814,2
2022-11-01,HMM_ScoreMV_Top10,HPQ,3.7663258761532194e-17,0.0786355967680934,0.5076543,2
2022-11-01,HMM_ScoreMV_Top10,KDP,0.08652638211668252,0.0219344689645955,0.50173956,2
2022-11-01,HMM_ScoreMV_Top10,MU,0.13619974290356615,0.0508567807107183,0.51622045,2
2022-11-01,HMM_ScoreMV_Top10,NEM,0.25,0.138096329904571,0.5366863,2
2022-11-01,HMM_ScoreMV_Top10,NFLX,0.16949888150685916,0.0654926001522686,0.51023114,2
2022-11-01,HMM_ScoreMV_Top10,WELL,2.1136791752922735e-17,0.1925298574062692,0.5093793,2
2022-11-01,HMM_ScoreMV_Top10,WM,0.10485676265530783,0.0715563680128044,0.5000314,2
2022-11-01,Static_MinVar_Top10,BAC,0.04259248084133982,0.0455802498594299,0.49899012,2
2022-11-01,Static_MinVar_Top10,BKNG,0.08382885523793142,0.1005175110605476,0.5086414,2
2022-11-01,Static_MinVar_Top10,DOW,0.0,0.101443959979812,0.52649814,2
2022-11-01,Static_MinVar_Top10,HPQ,0.02957583634351756,0.0786355967680934,0.5076543,2
2022-11-01,Static_MinVar_Top10,KDP,0.25,0.0219344689645955,0.50173956,2
2022-11-01,Static_MinVar_Top10,MU,0.01741971289800417,0.0508567807107183,0.51622045,2
2022-11-01,Static_MinVar_Top10,NEM,0.24116381719276342,0.138096329904571,0.5366863,2
2022-11-01,Static_MinVar_Top10,NFLX,0.08541929748644354,0.0654926001522686,0.51023114,2
2022-11-01,Static_MinVar_Top10,WELL,0.0,0.1925298574062692,0.5093793,2
2022-11-01,Static_MinVar_Top10,WM,0.25,0.0715563680128044,0.5000314,2
2022-11-01,Static_ScoreMV_Top10,BAC,0.0,0.0455802498594299,0.49899012,2
2022-11-01,Static_ScoreMV_Top10,BKNG,0.04131693612700945,0.1005175110605476,0.5086414,2
2022-11-01,Static_ScoreMV_Top10,DOW,0.25,0.101443959979812,0.52649814,2
2022-11-01,Static_ScoreMV_Top10,HPQ,1.6660976382724667e-16,0.0786355967680934,0.5076543,2
2022-11-01,Static_ScoreMV_Top10,KDP,0.1622361686571266,0.0219344689645955,0.50173956,2
2022-11-01,Static_ScoreMV_Top10,MU,0.13201914751739094,0.0508567807107183,0.51622045,2
2022-11-01,Static_ScoreMV_Top10,NEM,0.25,0.138096329904571,0.5366863,2
2022-11-01,Static_ScoreMV_Top10,NFLX,0.11344084673631374,0.0654926001522686,0.51023114,2
2022-11-01,Static_ScoreMV_Top10,WELL,0.0026011072202685994,0.1925298574062692,0.5093793,2
2022-11-01,Static_ScoreMV_Top10,WM,0.04838579374189063,0.0715563680128044,0.5000314,2
2022-12-01,EqualWeight_Top10,BRK-B,0.1,-0.0219731589471705,0.5525671,3
2022-12-01,EqualWeight_Top10,C,0.1,-0.0533696341158422,0.5329252,3
2022-12-01,EqualWeight_Top10,COF,0.1,-0.0640353752286301,0.56486344,3
2022-12-01,EqualWeight_Top10,CRM,0.1,-0.0980270658068527,0.5466512,3
2022-12-01,EqualWeight_Top10,D,0.1,0.0157362266859537,0.523516,3
2022-12-01,EqualWeight_Top10,ECL,0.1,-0.0384526263041095,0.54242116,3
2022-12-01,EqualWeight_Top10,MDT,0.1,-0.0105818802897279,0.5388473,3
2022-12-01,EqualWeight_Top10,MU,0.1,-0.0972474682264057,0.5244447,3
2022-12-01,EqualWeight_Top10,NFLX,0.1,-0.0696323977385506,0.5462769,3
2022-12-01,EqualWeight_Top10,PSA,0.1,-0.045412407462012,0.51592225,3
2022-12-01,HMM_MinVar_Top10,BRK-B,0.25,-0.0219731589471705,0.5525671,3
2022-12-01,HMM_MinVar_Top10,C,0.0,-0.0533696341158422,0.5329252,3
2022-12-01,HMM_MinVar_Top10,COF,0.0,-0.0640353752286301,0.56486344,3
2022-12-01,HMM_MinVar_Top10,CRM,7.06766583279043e-18,-0.0980270658068527,0.5466512,3
2022-12-01,HMM_MinVar_Top10,D,0.024854213326650054,0.0157362266859537,0.523516,3
2022-12-01,HMM_MinVar_Top10,ECL,0.22514578667335,-0.0384526263041095,0.54242116,3
2022-12-01,HMM_MinVar_Top10,MDT,0.25,-0.0105818802897279,0.5388473,3
2022-12-01,HMM_MinVar_Top10,MU,0.0,-0.0972474682264057,0.5244447,3
2022-12-01,HMM_MinVar_Top10,NFLX,3.1967902715636e-18,-0.0696323977385506,0.5462769,3
2022-12-01,HMM_MinVar_Top10,PSA,0.25,-0.045412407462012,0.51592225,3
2022-12-01,HMM_ScoreMV_Top10,BRK-B,0.25,-0.0219731589471705,0.5525671,3
2022-12-01,HMM_ScoreMV_Top10,C,0.0,-0.0533696341158422,0.5329252,3
2022-12-01,HMM_ScoreMV_Top10,COF,0.09776723998750847,-0.0640353752286301,0.56486344,3
2022-12-01,HMM_ScoreMV_Top10,CRM,0.08496318573996844,-0.0980270658068527,0.5466512,3
2022-12-01,HMM_ScoreMV_Top10,D,0.0,0.0157362266859537,0.523516,3
2022-12-01,HMM_ScoreMV_Top10,ECL,0.24999999999999997,-0.0384526263041095,0.54242116,3
2022-12-01,HMM_ScoreMV_Top10,MDT,0.25,-0.0105818802897279,0.5388473,3
2022-12-01,HMM_ScoreMV_Top10,MU,0.0,-0.0972474682264057,0.5244447,3
2022-12-01,HMM_ScoreMV_Top10,NFLX,0.06726957427252314,-0.0696323977385506,0.5462769,3
2022-12-01,HMM_ScoreMV_Top10,PSA,0.0,-0.045412407462012,0.51592225,3
2022-12-01,Static_MinVar_Top10,BRK-B,0.25,-0.0219731589471705,0.5525671,3
2022-12-01,Static_MinVar_Top10,C,6.927556579097356e-19,-0.0533696341158422,0.5329252,3
2022-12-01,Static_MinVar_Top10,COF,0.0,-0.0640353752286301,0.56486344,3
2022-12-01,Static_MinVar_Top10,CRM,0.023734991420312063,-0.0980270658068527,0.5466512,3
2022-12-01,Static_MinVar_Top10,D,0.18349669221103374,0.0157362266859537,0.523516,3
2022-12-01,Static_MinVar_Top10,ECL,0.0,-0.0384526263041095,0.54242116,3
2022-12-01,Static_MinVar_Top10,MDT,0.20483024900504648,-0.0105818802897279,0.5388473,3
2022-12-01,Static_MinVar_Top10,MU,5.591454740040711e-18,-0.0972474682264057,0.5244447,3
2022-12-01,Static_MinVar_Top10,NFLX,0.08793806736360782,-0.0696323977385506,0.5462769,3
2022-12-01,Static_MinVar_Top10,PSA,0.25,-0.045412407462012,0.51592225,3
2022-12-01,Static_ScoreMV_Top10,BRK-B,0.2499999999999999,-0.0219731589471705,0.5525671,3
2022-12-01,Static_ScoreMV_Top10,C,1.0616718905339213e-17,-0.0533696341158422,0.5329252,3
2022-12-01,Static_ScoreMV_Top10,COF,0.23739859801533303,-0.0640353752286301,0.56486344,3
2022-12-01,Static_ScoreMV_Top10,CRM,0.1261154244453879,-0.0980270658068527,0.5466512,3
2022-12-01,Static_ScoreMV_Top10,D,3.7594460406260755e-17,0.0157362266859537,0.523516,3
2022-12-01,Static_ScoreMV_Top10,ECL,0.04613706189013466,-0.0384526263041095,0.54242116,3
2022-12-01,Static_ScoreMV_Top10,MDT,0.19035625656144473,-0.0105818802897279,0.5388473,3
2022-12-01,Static_ScoreMV_Top10,MU,0.0,-0.0972474682264057,0.5244447,3
2022-12-01,Static_ScoreMV_Top10,NFLX,0.14999265908769976,-0.0696323977385506,0.5462769,3
2022-12-01,Static_ScoreMV_Top10,PSA,1.0629236996354182e-16,-0.045412407462012,0.51592225,3
2023-01-03,EqualWeight_Top10,APH,0.1,0.0620418976870635,0.5266102,2
2023-01-03,EqualWeight_Top10,BKNG,0.1,0.2034878895015381,0.53557426,2
2023-01-03,EqualWeight_Top10,BRK-B,0.1,0.0021296623352273,0.5445113,2
2023-01-03,EqualWeight_Top10,CMG,0.1,0.205254101245432,0.52872634,2
2023-01-03,EqualWeight_Top10,FIS,0.1,0.1203675377242543,0.5426389,2
2023-01-03,EqualWeight_Top10,HPQ,0.1,0.1166356325807174,0.52791846,2
2023-01-03,EqualWeight_Top10,NFLX,0.1,0.2272927710551204,0.5326,2
2023-01-03,EqualWeight_Top10,OXY,0.1,0.0401310343223038,0.55572146,2
2023-01-03,EqualWeight_Top10,PANW,0.1,0.1536295033680099,0.5315701,2
2023-01-03,EqualWeight_Top10,QCOM,0.1,0.2916042675610717,0.5302587,2
2023-01-03,HMM_MinVar_Top10,APH,0.25,0.0620418976870635,0.5266102,2
2023-01-03,HMM_MinVar_Top10,BKNG,0.024699144841364967,0.2034878895015381,0.53557426,2
2023-01-03,HMM_MinVar_Top10,BRK-B,0.24999999999999997,0.0021296623352273,0.5445113,2
2023-01-03,HMM_MinVar_Top10,CMG,0.0468896023552996,0.205254101245432,0.52872634,2
2023-01-03,HMM_MinVar_Top10,FIS,0.0708578056062911,0.1203675377242543,0.5426389,2
2023-01-03,HMM_MinVar_Top10,HPQ,2.3647480439491664e-17,0.1166356325807174,0.52791846,2
2023-01-03,HMM_MinVar_Top10,NFLX,0.14680264856624559,0.2272927710551204,0.5326,2
2023-01-03,HMM_MinVar_Top10,OXY,0.020581694458389012,0.0401310343223038,0.55572146,2
2023-01-03,HMM_MinVar_Top10,PANW,0.18913946837155654,0.1536295033680099,0.5315701,2
2023-01-03,HMM_MinVar_Top10,QCOM,0.0010296358008531933,0.2916042675610717,0.5302587,2
2023-01-03,HMM_ScoreMV_Top10,APH,0.0,0.0620418976870635,0.5266102,2
2023-01-03,HMM_ScoreMV_Top10,BKNG,0.012158276746759561,0.2034878895015381,0.53557426,2
2023-01-03,HMM_ScoreMV_Top10,BRK-B,0.24999999999999994,0.0021296623352273,0.5445113,2
2023-01-03,HMM_ScoreMV_Top10,CMG,0.0,0.205254101245432,0.52872634,2
2023-01-03,HMM_ScoreMV_Top10,FIS,0.24999999999999994,0.1203675377242543,0.5426389,2
2023-01-03,HMM_ScoreMV_Top10,HPQ,0.0,0.1166356325807174,0.52791846,2
2023-01-03,HMM_ScoreMV_Top10,NFLX,0.1809286462325782,0.2272927710551204,0.5326,2
2023-01-03,HMM_ScoreMV_Top10,OXY,0.1877738803350978,0.0401310343223038,0.55572146,2
2023-01-03,HMM_ScoreMV_Top10,PANW,0.1191391966855645,0.1536295033680099,0.5315701,2
2023-01-03,HMM_ScoreMV_Top10,QCOM,0.0,0.2916042675610717,0.5302587,2
2023-01-03,Static_MinVar_Top10,APH,0.24999999999999997,0.0620418976870635,0.5266102,2
2023-01-03,Static_MinVar_Top10,BKNG,0.04293468980949642,0.2034878895015381,0.53557426,2
2023-01-03,Static_MinVar_Top10,BRK-B,0.25,0.0021296623352273,0.5445113,2
2023-01-03,Static_MinVar_Top10,CMG,0.11289633816931184,0.205254101245432,0.52872634,2
2023-01-03,Static_MinVar_Top10,FIS,0.09765097218027624,0.1203675377242543,0.5426389,2
2023-01-03,Static_MinVar_Top10,HPQ,0.05162737526599033,0.1166356325807174,0.52791846,2
2023-01-03,Static_MinVar_Top10,NFLX,0.08580764426766617,0.2272927710551204,0.5326,2
2023-01-03,Static_MinVar_Top10,OXY,1.3229106019529318e-17,0.0401310343223038,0.55572146,2
2023-01-03,Static_MinVar_Top10,PANW,0.10908298030725905,0.1536295033680099,0.5315701,2
2023-01-03,Static_MinVar_Top10,QCOM,0.0,0.2916042675610717,0.5302587,2
2023-01-03,Static_ScoreMV_Top10,APH,0.0,0.0620418976870635,0.5266102,2
2023-01-03,Static_ScoreMV_Top10,BKNG,0.1286753926392483,0.2034878895015381,0.53557426,2
2023-01-03,Static_ScoreMV_Top10,BRK-B,0.25000000000000006,0.0021296623352273,0.5445113,2
2023-01-03,Static_ScoreMV_Top10,CMG,0.0178199992853873,0.205254101245432,0.52872634,2
2023-01-03,Static_ScoreMV_Top10,FIS,0.24999999999999992,0.1203675377242543,0.5426389,2
2023-01-03,Static_ScoreMV_Top10,HPQ,0.0,0.1166356325807174,0.52791846,2
2023-01-03,Static_ScoreMV_Top10,NFLX,0.12866390843575237,0.2272927710551204,0.5326,2
2023-01-03,Static_ScoreMV_Top10,OXY,0.12977194105525844,0.0401310343223038,0.55572146,2
2023-01-03,Static_ScoreMV_Top10,PANW,0.09506875858435367,0.1536295033680099,0.5315701,2
2023-01-03,Static_ScoreMV_Top10,QCOM,5.554439182266238e-17,0.2916042675610717,0.5302587,2
2023-02-01,EqualWeight_Top10,APH,0.1,-0.034261588501251,0.51488644,1
2023-02-01,EqualWeight_Top10,BRK-B,0.1,-0.0090801019342309,0.5737695,1
2023-02-01,EqualWeight_Top10,COP,0.1,-0.0755111288743809,0.5214351,1
2023-02-01,EqualWeight_Top10,DHR,0.1,-0.0664297120959328,0.5133027,1
2023-02-01,EqualWeight_Top10,EOG,0.1,-0.0509858799383922,0.5127654,1
2023-02-01,EqualWeight_Top10,KR,0.1,0.0180701653691361,0.5149861,1
2023-02-01,EqualWeight_Top10,NFLX,0.1,-0.1384292771971443,0.53206486,1
2023-02-01,EqualWeight_Top10,OXY,0.1,-0.0508661718497032,0.5283874,1
2023-02-01,EqualWeight_Top10,PPG,0.1,0.0262935910236161,0.5275838,1
2023-02-01,EqualWeight_Top10,SHW,0.1,-0.0764359059420178,0.51797307,1
2023-02-01,HMM_MinVar_Top10,APH,0.0,-0.034261588501251,0.51488644,1
2023-02-01,HMM_MinVar_Top10,BRK-B,0.2179173348854129,-0.0090801019342309,0.5737695,1
2023-02-01,HMM_MinVar_Top10,COP,0.0,-0.0755111288743809,0.5214351,1
2023-02-01,HMM_MinVar_Top10,DHR,0.25,-0.0664297120959328,0.5133027,1
2023-02-01,HMM_MinVar_Top10,EOG,0.0,-0.0509858799383922,0.5127654,1
2023-02-01,HMM_MinVar_Top10,KR,0.24305682872661738,0.0180701653691361,0.5149861,1
2023-02-01,HMM_MinVar_Top10,NFLX,0.05361306555208414,-0.1384292771971443,0.53206486,1
2023-02-01,HMM_MinVar_Top10,OXY,4.081346814718062e-18,-0.0508661718497032,0.5283874,1
2023-02-01,HMM_MinVar_Top10,PPG,0.0713767082637226,0.0262935910236161,0.5275838,1
2023-02-01,HMM_MinVar_Top10,SHW,0.16403606257216305,-0.0764359059420178,0.51797307,1
2023-02-01,HMM_ScoreMV_Top10,APH,8.085433048810113e-18,-0.034261588501251,0.51488644,1
2023-02-01,HMM_ScoreMV_Top10,BRK-B,0.24999999999999986,-0.0090801019342309,0.5737695,1
2023-02-01,HMM_ScoreMV_Top10,COP,1.2968571904693503e-16,-0.0755111288743809,0.5214351,1
2023-02-01,HMM_ScoreMV_Top10,DHR,0.018197344536392584,-0.0664297120959328,0.5133027,1
2023-02-01,HMM_ScoreMV_Top10,EOG,0.0,-0.0509858799383922,0.5127654,1
2023-02-01,HMM_ScoreMV_Top10,KR,0.17663181579714834,0.0180701653691361,0.5149861,1
2023-02-01,HMM_ScoreMV_Top10,NFLX,0.2039767160310866,-0.1384292771971443,0.53206486,1
2023-02-01,HMM_ScoreMV_Top10,OXY,0.0,-0.0508661718497032,0.5283874,1
2023-02-01,HMM_ScoreMV_Top10,PPG,0.25000000000000006,0.0262935910236161,0.5275838,1
2023-02-01,HMM_ScoreMV_Top10,SHW,0.10119412363537254,-0.0764359059420178,0.51797307,1
2023-02-01,Static_MinVar_Top10,APH,0.08144675301873149,-0.034261588501251,0.51488644,1
2023-02-01,Static_MinVar_Top10,BRK-B,0.25,-0.0090801019342309,0.5737695,1
2023-02-01,Static_MinVar_Top10,COP,0.0,-0.0755111288743809,0.5214351,1
2023-02-01,Static_MinVar_Top10,DHR,0.21185381786257823,-0.0664297120959328,0.5133027,1
2023-02-01,Static_MinVar_Top10,EOG,0.022865928834376603,-0.0509858799383922,0.5127654,1
2023-02-01,Static_MinVar_Top10,KR,0.25,0.0180701653691361,0.5149861,1
2023-02-01,Static_MinVar_Top10,NFLX,0.045325019720868207,-0.1384292771971443,0.53206486,1
2023-02-01,Static_MinVar_Top10,OXY,0.0,-0.0508661718497032,0.5283874,1
2023-02-01,Static_MinVar_Top10,PPG,0.05421464490593208,0.0262935910236161,0.5275838,1
2023-02-01,Static_MinVar_Top10,SHW,0.08429383565751342,-0.0764359059420178,0.51797307,1
2023-02-01,Static_ScoreMV_Top10,APH,0.0,-0.034261588501251,0.51488644,1
2023-02-01,Static_ScoreMV_Top10,BRK-B,0.24999999999999997,-0.0090801019342309,0.5737695,1
2023-02-01,Static_ScoreMV_Top10,COP,0.0002011988985877963,-0.0755111288743809,0.5214351,1
2023-02-01,Static_ScoreMV_Top10,DHR,0.032975822958937154,-0.0664297120959328,0.5133027,1
2023-02-01,Static_ScoreMV_Top10,EOG,8.227819776207625e-17,-0.0509858799383922,0.5127654,1
2023-02-01,Static_ScoreMV_Top10,KR,0.25,0.0180701653691361,0.5149861,1
2023-02-01,Static_ScoreMV_Top10,NFLX,0.1661324880505854,-0.1384292771971443,0.53206486,1
2023-02-01,Static_ScoreMV_Top10,OXY,0.019571132717473978,-0.0508661718497032,0.5283874,1
2023-02-01,Static_ScoreMV_Top10,PPG,0.24999999999999997,0.0262935910236161,0.5275838,1
2023-02-01,Static_ScoreMV_Top10,SHW,0.031119357374415523,-0.0764359059420178,0.51797307,1
2023-03-01,EqualWeight_Top10,AEP,0.1,0.0433069858540582,0.5168286,1
2023-03-01,EqualWeight_Top10,BKNG,0.1,0.0076204466263085,0.5160114,1
2023-03-01,EqualWeight_Top10,BRK-B,0.1,0.0022322654017497,0.530162,1
2023-03-01,EqualWeight_Top10,C,0.1,-0.107767002383983,0.527953,1
2023-03-01,EqualWeight_Top10,COF,0.1,-0.1331737114982485,0.51178557,1
2023-03-01,EqualWeight_Top10,EMR,0.1,0.0226342760738162,0.512731,1
2023-03-01,EqualWeight_Top10,KDP,0.1,0.0321732929824967,0.5123618,1
2023-03-01,EqualWeight_Top10,NFLX,0.1,0.0591744151945377,0.55495757,1
2023-03-01,EqualWeight_Top10,PFE,0.1,0.0017420682232187,0.5138305,1
2023-03-01,EqualWeight_Top10,SO,0.1,0.112644210829176,0.524226,1
2023-03-01,HMM_MinVar_Top10,AEP,0.25,0.0433069858540582,0.5168286,1
2023-03-01,HMM_MinVar_Top10,BKNG,0.011819977146896976,0.0076204466263085,0.5160114,1
2023-03-01,HMM_MinVar_Top10,BRK-B,0.17032401291587465,0.0022322654017497,0.530162,1
2023-03-01,HMM_MinVar_Top10,C,0.0,-0.107767002383983,0.527953,1
2023-03-01,HMM_MinVar_Top10,COF,0.0,-0.1331737114982485,0.51178557,1
2023-03-01,HMM_MinVar_Top10,EMR,0.0,0.0226342760738162,0.512731,1
2023-03-01,HMM_MinVar_Top10,KDP,0.24999999999999997,0.0321732929824967,0.5123618,1
2023-03-01,HMM_MinVar_Top10,NFLX,0.08750646216509801,0.0591744151945377,0.55495757,1
2023-03-01,HMM_MinVar_Top10,PFE,0.1412490234899865,0.0017420682232187,0.5138305,1
2023-03-01,HMM_MinVar_Top10,SO,0.08910052428214388,0.112644210829176,0.524226,1
2023-03-01,HMM_ScoreMV_Top10,AEP,0.18712849986839994,0.0433069858540582,0.5168286,1
2023-03-01,HMM_ScoreMV_Top10,BKNG,0.0,0.0076204466263085,0.5160114,1
2023-03-01,HMM_ScoreMV_Top10,BRK-B,0.24999999999999994,0.0022322654017497,0.530162,1
2023-03-01,HMM_ScoreMV_Top10,C,0.05538784406327531,-0.107767002383983,0.527953,1
2023-03-01,HMM_ScoreMV_Top10,COF,0.0,-0.1331737114982485,0.51178557,1
2023-03-01,HMM_ScoreMV_Top10,EMR,6.316387620981499e-17,0.0226342760738162,0.512731,1
2023-03-01,HMM_ScoreMV_Top10,KDP,0.007483656068324719,0.0321732929824967,0.5123618,1
2023-03-01,HMM_ScoreMV_Top10,NFLX,0.24999999999999992,0.0591744151945377,0.55495757,1
2023-03-01,HMM_ScoreMV_Top10,PFE,6.5742413135934575e-18,0.0017420682232187,0.5138305,1
2023-03-01,HMM_ScoreMV_Top10,SO,0.24999999999999994,0.112644210829176,0.524226,1
2023-03-01,Static_MinVar_Top10,AEP,0.23230942214040348,0.0433069858540582,0.5168286,1
2023-03-01,Static_MinVar_Top10,BKNG,0.015742386018670777,0.0076204466263085,0.5160114,1
2023-03-01,Static_MinVar_Top10,BRK-B,0.23454196579900807,0.0022322654017497,0.530162,1
2023-03-01,Static_MinVar_Top10,C,0.0,-0.107767002383983,0.527953,1
2023-03-01,Static_MinVar_Top10,COF,8.134647448417942e-18,-0.1331737114982485,0.51178557,1
2023-03-01,Static_MinVar_Top10,EMR,4.34832711459593e-18,0.0226342760738162,0.512731,1
2023-03-01,Static_MinVar_Top10,KDP,0.25,0.0321732929824967,0.5123618,1
2023-03-01,Static_MinVar_Top10,NFLX,0.05739473228721172,0.0591744151945377,0.55495757,1
2023-03-01,Static_MinVar_Top10,PFE,0.21001149375470596,0.0017420682232187,0.5138305,1
2023-03-01,Static_MinVar_Top10,SO,4.237498854713334e-18,0.112644210829176,0.524226,1
2023-03-01,Static_ScoreMV_Top10,AEP,0.08108429175040288,0.0433069858540582,0.5168286,1
2023-03-01,Static_ScoreMV_Top10,BKNG,0.0,0.0076204466263085,0.5160114,1
2023-03-01,Static_ScoreMV_Top10,BRK-B,0.25000000000000006,0.0022322654017497,0.530162,1
2023-03-01,Static_ScoreMV_Top10,C,0.08860566039409484,-0.107767002383983,0.527953,1
2023-03-01,Static_ScoreMV_Top10,COF,7.182015744586354e-17,-0.1331737114982485,0.51178557,1
2023-03-01,Static_ScoreMV_Top10,EMR,0.0,0.0226342760738162,0.512731,1
2023-03-01,Static_ScoreMV_Top10,KDP,0.03607077253554186,0.0321732929824967,0.5123618,1
2023-03-01,Static_ScoreMV_Top10,NFLX,0.25,0.0591744151945377,0.55495757,1
2023-03-01,Static_ScoreMV_Top10,PFE,0.044239275319960206,0.0017420682232187,0.5138305,1
2023-03-01,Static_ScoreMV_Top10,SO,0.25000000000000006,0.112644210829176,0.524226,1
2023-04-03,EqualWeight_Top10,BRK-B,0.1,0.0501111401995115,0.55816174,3
2023-04-03,EqualWeight_Top10,D,0.1,-0.0007196580860573,0.5412311,3
2023-04-03,EqualWeight_Top10,DLR,0.1,0.0153234114161184,0.59184366,3
2023-04-03,EqualWeight_Top10,FIS,0.1,-0.0177482455306892,0.54211223,3
2023-04-03,EqualWeight_Top10,KHC,0.1,0.0154440965429589,0.51562583,3
2023-04-03,EqualWeight_Top10,MMM,0.1,-0.0152051897089985,0.5241733,3
2023-04-03,EqualWeight_Top10,PRU,0.1,0.0134661405733376,0.5296079,3
2023-04-03,EqualWeight_Top10,SCHW,0.1,-0.0285049775010248,0.55364317,3
2023-04-03,EqualWeight_Top10,TFC,0.1,-0.1210384198475815,0.5558404,3
2023-04-03,EqualWeight_Top10,WFC,0.1,0.0296924127294861,0.5229427,3
2023-04-03,HMM_MinVar_Top10,BRK-B,0.24999999999999994,0.0501111401995115,0.55816174,3
2023-04-03,HMM_MinVar_Top10,D,0.24999999999999994,-0.0007196580860573,0.5412311,3
2023-04-03,HMM_MinVar_Top10,DLR,0.07174040275140343,0.0153234114161184,0.59184366,3
2023-04-03,HMM_MinVar_Top10,FIS,0.0631174990656217,-0.0177482455306892,0.54211223,3
2023-04-03,HMM_MinVar_Top10,KHC,0.16433695877407853,0.0154440965429589,0.51562583,3
2023-04-03,HMM_MinVar_Top10,MMM,0.1848971736282595,-0.0152051897089985,0.5241733,3
2023-04-03,HMM_MinVar_Top10,PRU,0.01590796578063689,0.0134661405733376,0.5296079,3
2023-04-03,HMM_MinVar_Top10,SCHW,1.6589032897553537e-18,-0.0285049775010248,0.55364317,3
2023-04-03,HMM_MinVar_Top10,TFC,0.0,-0.1210384198475815,0.5558404,3
2023-04-03,HMM_MinVar_Top10,WFC,6.077027142633783e-18,0.0296924127294861,0.5229427,3
2023-04-03,HMM_ScoreMV_Top10,BRK-B,0.2499999999999997,0.0501111401995115,0.55816174,3
2023-04-03,HMM_ScoreMV_Top10,D,0.24999999999999994,-0.0007196580860573,0.5412311,3
2023-04-03,HMM_ScoreMV_Top10,DLR,0.2499999999999998,0.0153234114161184,0.59184366,3
2023-04-03,HMM_ScoreMV_Top10,FIS,0.0,-0.0177482455306892,0.54211223,3
2023-04-03,HMM_ScoreMV_Top10,KHC,2.0511304520885732e-16,0.0154440965429589,0.51562583,3
2023-04-03,HMM_ScoreMV_Top10,MMM,1.4655351703400166e-16,-0.0152051897089985,0.5241733,3
2023-04-03,HMM_ScoreMV_Top10,PRU,1.9564239513295402e-16,0.0134661405733376,0.5296079,3
2023-04-03,HMM_ScoreMV_Top10,SCHW,0.042202107501290824,-0.0285049775010248,0.55364317,3
2023-04-03,HMM_ScoreMV_Top10,TFC,0.20779789249870909,-0.1210384198475815,0.5558404,3
2023-04-03,HMM_ScoreMV_Top10,WFC,1.1503268437405576e-16,0.0296924127294861,0.5229427,3
2023-04-03,Static_MinVar_Top10,BRK-B,0.24999999999999994,0.0501111401995115,0.55816174,3
2023-04-03,Static_MinVar_Top10,D,0.23432394884374122,-0.0007196580860573,0.5412311,3
2023-04-03,Static_MinVar_Top10,DLR,0.11415839093479889,0.0153234114161184,0.59184366,3
2023-04-03,Static_MinVar_Top10,FIS,0.03356799026524119,-0.0177482455306892,0.54211223,3
2023-04-03,Static_MinVar_Top10,KHC,0.21567342212170457,0.0154440965429589,0.51562583,3
2023-04-03,Static_MinVar_Top10,MMM,0.1280848254237817,-0.0152051897089985,0.5241733,3
2023-04-03,Static_MinVar_Top10,PRU,0.0,0.0134661405733376,0.5296079,3
2023-04-03,Static_MinVar_Top10,SCHW,0.02419142241073236,-0.0285049775010248,0.55364317,3
2023-04-03,Static_MinVar_Top10,TFC,0.0,-0.1210384198475815,0.5558404,3
2023-04-03,Static_MinVar_Top10,WFC,3.979175064070351e-18,0.0296924127294861,0.5229427,3
2023-04-03,Static_ScoreMV_Top10,BRK-B,0.2500000000000001,0.0501111401995115,0.55816174,3
2023-04-03,Static_ScoreMV_Top10,D,0.2500000000000001,-0.0007196580860573,0.5412311,3
2023-04-03,Static_ScoreMV_Top10,DLR,0.24999999999999992,0.0153234114161184,0.59184366,3
2023-04-03,Static_ScoreMV_Top10,FIS,0.0,-0.0177482455306892,0.54211223,3
2023-04-03,Static_ScoreMV_Top10,KHC,0.0,0.0154440965429589,0.51562583,3
2023-04-03,Static_ScoreMV_Top10,MMM,0.0,-0.0152051897089985,0.5241733,3
2023-04-03,Static_ScoreMV_Top10,PRU,2.195500743931511e-17,0.0134661405733376,0.5296079,3
2023-04-03,Static_ScoreMV_Top10,SCHW,0.15792485785698054,-0.0285049775010248,0.55364317,3
2023-04-03,Static_ScoreMV_Top10,TFC,0.09207514214301916,-0.1210384198475815,0.5558404,3
2023-04-03,Static_ScoreMV_Top10,WFC,1.8446288367354401e-16,0.0296924127294861,0.5229427,3
2023-05-01,EqualWeight_Top10,BAC,0.1,-0.0268593950533579,0.5466653,3
2023-05-01,EqualWeight_Top10,COF,0.1,0.1316264855192268,0.5644426,3
2023-05-01,EqualWeight_Top10,DLR,0.1,0.0378623078505926,0.55720323,3
2023-05-01,EqualWeight_Top10,FIS,0.1,-0.0479803293663555,0.5475211,3
2023-05-01,EqualWeight_Top10,GM,0.1,-0.0035842217735746,0.54718864,3
2023-05-01,EqualWeight_Top10,HAL,0.1,-0.086635973355734,0.54094017,3
2023-05-01,EqualWeight_Top10,MMM,0.1,-0.0786944648012875,0.5387452,3
2023-05-01,EqualWeight_Top10,NFLX,0.1,0.2124522353677249,0.5735866,3
2023-05-01,EqualWeight_Top10,TFC,0.1,0.0050907282565755,0.58188564,3
2023-05-01,EqualWeight_Top10,USB,0.1,-0.0692166514412299,0.5642222,3
2023-05-01,HMM_MinVar_Top10,BAC,0.03074313495441721,-0.0268593950533579,0.5466653,3
2023-05-01,HMM_MinVar_Top10,COF,0.0,0.1316264855192268,0.5644426,3
2023-05-01,HMM_MinVar_Top10,DLR,0.23531505671438668,0.0378623078505926,0.55720323,3
2023-05-01,HMM_MinVar_Top10,FIS,0.11809350234589296,-0.0479803293663555,0.5475211,3
2023-05-01,HMM_MinVar_Top10,GM,8.499062188760947e-19,-0.0035842217735746,0.54718864,3
2023-05-01,HMM_MinVar_Top10,HAL,0.09558735331212904,-0.086635973355734,0.54094017,3
2023-05-01,HMM_MinVar_Top10,MMM,0.25,-0.0786944648012875,0.5387452,3
2023-05-01,HMM_MinVar_Top10,NFLX,0.03462261758449711,0.2124522353677249,0.5735866,3
2023-05-01,HMM_MinVar_Top10,TFC,0.0,0.0050907282565755,0.58188564,3
2023-05-01,HMM_MinVar_Top10,USB,0.23563833508867707,-0.0692166514412299,0.5642222,3
2023-05-01,HMM_ScoreMV_Top10,BAC,1.679666089041404e-17,-0.0268593950533579,0.5466653,3
2023-05-01,HMM_ScoreMV_Top10,COF,0.03578916478235168,0.1316264855192268,0.5644426,3
2023-05-01,HMM_ScoreMV_Top10,DLR,0.2180086387553369,0.0378623078505926,0.55720323,3
2023-05-01,HMM_ScoreMV_Top10,FIS,0.0,-0.0479803293663555,0.5475211,3
2023-05-01,HMM_ScoreMV_Top10,GM,3.710061615145259e-18,-0.0035842217735746,0.54718864,3
2023-05-01,HMM_ScoreMV_Top10,HAL,6.981796861908842e-20,-0.086635973355734,0.54094017,3
2023-05-01,HMM_ScoreMV_Top10,MMM,0.0,-0.0786944648012875,0.5387452,3
2023-05-01,HMM_ScoreMV_Top10,NFLX,0.2462021964623116,0.2124522353677249,0.5735866,3
2023-05-01,HMM_ScoreMV_Top10,TFC,0.24999999999999994,0.0050907282565755,0.58188564,3
2023-05-01,HMM_ScoreMV_Top10,USB,0.25,-0.0692166514412299,0.5642222,3
2023-05-01,Static_MinVar_Top10,BAC,0.1412438876928292,-0.0268593950533579,0.5466653,3
2023-05-01,Static_MinVar_Top10,COF,9.370131407177782e-18,0.1316264855192268,0.5644426,3
2023-05-01,Static_MinVar_Top10,DLR,0.25,0.0378623078505926,0.55720323,3
2023-05-01,Static_MinVar_Top10,FIS,0.1425559298658122,-0.0479803293663555,0.5475211,3
2023-05-01,Static_MinVar_Top10,GM,0.010577317817449394,-0.0035842217735746,0.54718864,3
2023-05-01,Static_MinVar_Top10,HAL,0.021109047173908164,-0.086635973355734,0.54094017,3
2023-05-01,Static_MinVar_Top10,MMM,0.25,-0.0786944648012875,0.5387452,3
2023-05-01,Static_MinVar_Top10,NFLX,0.07951791553663216,0.2124522353677249,0.5735866,3
2023-05-01,Static_MinVar_Top10,TFC,2.2922600757573152e-17,0.0050907282565755,0.58188564,3
2023-05-01,Static_MinVar_Top10,USB,0.10499590191336884,-0.0692166514412299,0.5642222,3
2023-05-01,Static_ScoreMV_Top10,BAC,0.0,-0.0268593950533579,0.5466653,3
2023-05-01,Static_ScoreMV_Top10,COF,0.0042028530650401385,0.1316264855192268,0.5644426,3
2023-05-01,Static_ScoreMV_Top10,DLR,0.24999999999999994,0.0378623078505926,0.55720323,3
2023-05-01,Static_ScoreMV_Top10,FIS,5.032257207805888e-19,-0.0479803293663555,0.5475211,3
2023-05-01,Static_ScoreMV_Top10,GM,0.0,-0.0035842217735746,0.54718864,3
2023-05-01,Static_ScoreMV_Top10,HAL,0.0,-0.086635973355734,0.54094017,3
2023-05-01,Static_ScoreMV_Top10,MMM,3.136423577167983e-18,-0.0786944648012875,0.5387452,3
2023-05-01,Static_ScoreMV_Top10,NFLX,0.24999999999999994,0.2124522353677249,0.5735866,3
2023-05-01,Static_ScoreMV_Top10,TFC,0.24999999999999994,0.0050907282565755,0.58188564,3
2023-05-01,Static_ScoreMV_Top10,USB,0.24579714693496,-0.0692166514412299,0.5642222,3
2023-06-01,EqualWeight_Top10,ADP,0.1,0.0437020469206621,0.5346716,0
2023-06-01,EqualWeight_Top10,BRK-B,0.1,0.055335495026632,0.55951095,0
2023-06-01,EqualWeight_Top10,COP,0.1,0.0472474726043252,0.545143,0
2023-06-01,EqualWeight_Top10,GM,0.1,0.1677775242331891,0.5705589,0
2023-06-01,EqualWeight_Top10,PGR,0.1,0.0314816163598803,0.536955,0
2023-06-01,EqualWeight_Top10,PRU,0.1,0.1009608728653896,0.5367359,0
2023-06-01,EqualWeight_Top10,PSX,0.1,0.0250404083123947,0.54445493,0
2023-06-01,EqualWeight_Top10,ROST,0.1,0.1149139740663729,0.5337345,0
2023-06-01,EqualWeight_Top10,SPG,0.1,0.1354668361776601,0.5342315,0
2023-06-01,EqualWeight_Top10,VLO,0.1,0.107334843969834,0.55151355,0
2023-06-01,HMM_MinVar_Top10,ADP,0.25000000000000006,0.0437020469206621,0.5346716,0
2023-06-01,HMM_MinVar_Top10,BRK-B,0.25000000000000006,0.055335495026632,0.55951095,0
2023-06-01,HMM_MinVar_Top10,COP,0.054505139086952384,0.0472474726043252,0.545143,0
2023-06-01,HMM_MinVar_Top10,GM,0.03170673491088068,0.1677775242331891,0.5705589,0
2023-06-01,HMM_MinVar_Top10,PGR,0.25000000000000006,0.0314816163598803,0.536955,0
2023-06-01,HMM_MinVar_Top10,PRU,0.09518842401684337,0.1009608728653896,0.5367359,0
2023-06-01,HMM_MinVar_Top10,PSX,3.0770854961061808e-18,0.0250404083123947,0.54445493,0
2023-06-01,HMM_MinVar_Top10,ROST,0.049061540161856196,0.1149139740663729,0.5337345,0
2023-06-01,HMM_MinVar_Top10,SPG,0.01953816182346735,0.1354668361776601,0.5342315,0
2023-06-01,HMM_MinVar_Top10,VLO,3.401334673452575e-18,0.107334843969834,0.55151355,0
2023-06-01,HMM_ScoreMV_Top10,ADP,8.804389718120764e-16,0.0437020469206621,0.5346716,0
2023-06-01,HMM_ScoreMV_Top10,BRK-B,0.24999999999999978,0.055335495026632,0.55951095,0
2023-06-01,HMM_ScoreMV_Top10,COP,0.06354833880964801,0.0472474726043252,0.545143,0
2023-06-01,HMM_ScoreMV_Top10,GM,0.2499999999999999,0.1677775242331891,0.5705589,0
2023-06-01,HMM_ScoreMV_Top10,PGR,0.25,0.0314816163598803,0.536955,0
2023-06-01,HMM_ScoreMV_Top10,PRU,0.0,0.1009608728653896,0.5367359,0
2023-06-01,HMM_ScoreMV_Top10,PSX,2.1763583283041198e-17,0.0250404083123947,0.54445493,0
2023-06-01,HMM_ScoreMV_Top10,ROST,0.0,0.1149139740663729,0.5337345,0
2023-06-01,HMM_ScoreMV_Top10,SPG,6.384633821226444e-17,0.1354668361776601,0.5342315,0
2023-06-01,HMM_ScoreMV_Top10,VLO,0.1864516611903515,0.107334843969834,0.55151355,0
2023-06-01,Static_MinVar_Top10,ADP,0.25,0.0437020469206621,0.5346716,0
2023-06-01,Static_MinVar_Top10,BRK-B,0.25,0.055335495026632,0.55951095,0
2023-06-01,Static_MinVar_Top10,COP,0.04042478443861432,0.0472474726043252,0.545143,0
2023-06-01,Static_MinVar_Top10,GM,0.031251866483656805,0.1677775242331891,0.5705589,0
2023-06-01,Static_MinVar_Top10,PGR,0.25,0.0314816163598803,0.536955,0
2023-06-01,Static_MinVar_Top10,PRU,0.04004317587147085,0.1009608728653896,0.5367359,0
2023-06-01,Static_MinVar_Top10,PSX,0.03854488759320253,0.0250404083123947,0.54445493,0
2023-06-01,Static_MinVar_Top10,ROST,0.09973528561305556,0.1149139740663729,0.5337345,0
2023-06-01,Static_MinVar_Top10,SPG,3.611869393063239e-18,0.1354668361776601,0.5342315,0
2023-06-01,Static_MinVar_Top10,VLO,5.557355559737955e-18,0.107334843969834,0.55151355,0
2023-06-01,Static_ScoreMV_Top10,ADP,0.05032603086882997,0.0437020469206621,0.5346716,0
2023-06-01,Static_ScoreMV_Top10,BRK-B,0.25,0.055335495026632,0.55951095,0
2023-06-01,Static_ScoreMV_Top10,COP,0.029846474276163274,0.0472474726043252,0.545143,0
2023-06-01,Static_ScoreMV_Top10,GM,0.25,0.1677775242331891,0.5705589,0
2023-06-01,Static_ScoreMV_Top10,PGR,0.24999999999999992,0.0314816163598803,0.536955,0
2023-06-01,Static_ScoreMV_Top10,PRU,2.6552509901250583e-16,0.1009608728653896,0.5367359,0
2023-06-01,Static_ScoreMV_Top10,PSX,0.0,0.0250404083123947,0.54445493,0
2023-06-01,Static_ScoreMV_Top10,ROST,7.46789617533588e-17,0.1149139740663729,0.5337345,0
2023-06-01,Static_ScoreMV_Top10,SPG,7.253459718562415e-17,0.1354668361776601,0.5342315,0
2023-06-01,Static_ScoreMV_Top10,VLO,0.16982749485500662,0.107334843969834,0.55151355,0
2023-07-03,EqualWeight_Top10,AEP,0.1,-0.0151197115590802,0.5345896,1
2023-07-03,EqualWeight_Top10,ALL,0.1,0.022803442918901,0.5420389,1
2023-07-03,EqualWeight_Top10,BRK-B,0.1,0.030000028554459,0.5374239,1
2023-07-03,EqualWeight_Top10,CMG,0.1,-0.079367474546334,0.53954214,1
2023-07-03,EqualWeight_Top10,EXC,0.1,0.0102314455035348,0.54138786,1
2023-07-03,EqualWeight_Top10,KDP,0.1,0.0845252081735321,0.55731064,1
2023-07-03,EqualWeight_Top10,KHC,0.1,0.0019546169328574,0.5466663,1
2023-07-03,EqualWeight_Top10,KMB,0.1,-0.0616817190918103,0.54377687,1
2023-07-03,EqualWeight_Top10,O,0.1,0.013856749090741,0.54082215,1
2023-07-03,EqualWeight_Top10,XEL,0.1,-0.0020642716000257,0.54583466,1
2023-07-03,HMM_MinVar_Top10,AEP,0.11742821511965458,-0.0151197115590802,0.5345896,1
2023-07-03,HMM_MinVar_Top10,ALL,0.0025183247450679116,0.022803442918901,0.5420389,1
2023-07-03,HMM_MinVar_Top10,BRK-B,0.2416544320478715,0.030000028554459,0.5374239,1
2023-07-03,HMM_MinVar_Top10,CMG,0.09045534413979442,-0.079367474546334,0.53954214,1
2023-07-03,HMM_MinVar_Top10,EXC,0.0,0.0102314455035348,0.54138786,1
2023-07-03,HMM_MinVar_Top10,KDP,0.18251712115388188,0.0845252081735321,0.55731064,1
2023-07-03,HMM_MinVar_Top10,KHC,0.08133980026213783,0.0019546169328574,0.5466663,1
2023-07-03,HMM_MinVar_Top10,KMB,0.1803337028864755,-0.0616817190918103,0.54377687,1
2023-07-03,HMM_MinVar_Top10,O,0.08303359912458916,0.013856749090741,0.54082215,1
2023-07-03,HMM_MinVar_Top10,XEL,0.020719460520527276,-0.0020642716000257,0.54583466,1
2023-07-03,HMM_ScoreMV_Top10,AEP,1.66910773039482e-16,-0.0151197115590802,0.5345896,1
2023-07-03,HMM_ScoreMV_Top10,ALL,6.661338147750935e-16,0.022803442918901,0.5420389,1
2023-07-03,HMM_ScoreMV_Top10,BRK-B,0.0,0.030000028554459,0.5374239,1
2023-07-03,HMM_ScoreMV_Top10,CMG,1.483490768855607e-17,-0.079367474546334,0.53954214,1
2023-07-03,HMM_ScoreMV_Top10,EXC,0.0,0.0102314455035348,0.54138786,1
2023-07-03,HMM_ScoreMV_Top10,KDP,0.24999999999999972,0.0845252081735321,0.55731064,1
2023-07-03,HMM_ScoreMV_Top10,KHC,0.24999999999999983,0.0019546169328574,0.5466663,1
2023-07-03,HMM_ScoreMV_Top10,KMB,0.24999999999999975,-0.0616817190918103,0.54377687,1
2023-07-03,HMM_ScoreMV_Top10,O,0.0,0.013856749090741,0.54082215,1
2023-07-03,HMM_ScoreMV_Top10,XEL,0.24999999999999983,-0.0020642716000257,0.54583466,1
2023-07-03,Static_MinVar_Top10,AEP,0.08458884649188385,-0.0151197115590802,0.5345896,1
2023-07-03,Static_MinVar_Top10,ALL,0.04420684567585637,0.022803442918901,0.5420389,1
2023-07-03,Static_MinVar_Top10,BRK-B,0.1773644990590059,0.030000028554459,0.5374239,1
2023-07-03,Static_MinVar_Top10,CMG,0.07309020154881832,-0.079367474546334,0.53954214,1
2023-07-03,Static_MinVar_Top10,EXC,0.016224398228050402,0.0102314455035348,0.54138786,1
2023-07-03,Static_MinVar_Top10,KDP,0.155511775123538,0.0845252081735321,0.55731064,1
2023-07-03,Static_MinVar_Top10,KHC,0.08272687289911024,0.0019546169328574,0.5466663,1
2023-07-03,Static_MinVar_Top10,KMB,0.21673382156218635,-0.0616817190918103,0.54377687,1
2023-07-03,Static_MinVar_Top10,O,0.11093327660426093,0.013856749090741,0.54082215,1
2023-07-03,Static_MinVar_Top10,XEL,0.03861946280728978,-0.0020642716000257,0.54583466,1
2023-07-03,Static_ScoreMV_Top10,AEP,0.0,-0.0151197115590802,0.5345896,1
2023-07-03,Static_ScoreMV_Top10,ALL,0.0,0.022803442918901,0.5420389,1
2023-07-03,Static_ScoreMV_Top10,BRK-B,5.953274464542148e-17,0.030000028554459,0.5374239,1
2023-07-03,Static_ScoreMV_Top10,CMG,6.91948081698071e-17,-0.079367474546334,0.53954214,1
2023-07-03,Static_ScoreMV_Top10,EXC,5.1437980083412843e-17,0.0102314455035348,0.54138786,1
2023-07-03,Static_ScoreMV_Top10,KDP,0.24999999999999997,0.0845252081735321,0.55731064,1
2023-07-03,Static_ScoreMV_Top10,KHC,0.25,0.0019546169328574,0.5466663,1
2023-07-03,Static_ScoreMV_Top10,KMB,0.24999999999999997,-0.0616817190918103,0.54377687,1
2023-07-03,Static_ScoreMV_Top10,O,7.492200126647075e-17,0.013856749090741,0.54082215,1
2023-07-03,Static_ScoreMV_Top10,XEL,0.24999999999999992,-0.0020642716000257,0.54583466,1
2023-08-01,EqualWeight_Top10,CMG,0.1,-0.0265575136368113,0.5336709,0
2023-08-01,EqualWeight_Top10,CTVA,0.1,-0.0827669463041507,0.526877,0
2023-08-01,EqualWeight_Top10,GILD,0.1,0.0334302293237249,0.5302252,0
2023-08-01,EqualWeight_Top10,GM,0.1,-0.1222457758567203,0.5277705,0
2023-08-01,EqualWeight_Top10,KHC,0.1,-0.0590858389302197,0.5274343,0
2023-08-01,EqualWeight_Top10,MTD,0.1,-0.0604159778354999,0.57436466,0
2023-08-01,EqualWeight_Top10,NFLX,0.1,-0.0196753219645577,0.5518611,0
2023-08-01,EqualWeight_Top10,PANW,0.1,-0.0760358657788278,0.54521555,0
2023-08-01,EqualWeight_Top10,WFC,0.1,-0.0739773583226224,0.5346174,0
2023-08-01,EqualWeight_Top10,XEL,0.1,-0.0779631956340018,0.5370538,0
2023-08-01,HMM_MinVar_Top10,CMG,0.023524456549139035,-0.0265575136368113,0.5336709,0
2023-08-01,HMM_MinVar_Top10,CTVA,0.11870035941513156,-0.0827669463041507,0.526877,0
2023-08-01,HMM_MinVar_Top10,GILD,0.24542809679953814,0.0334302293237249,0.5302252,0
2023-08-01,HMM_MinVar_Top10,GM,0.02812249340507631,-0.1222457758567203,0.5277705,0
2023-08-01,HMM_MinVar_Top10,KHC,0.21979655877867013,-0.0590858389302197,0.5274343,0
2023-08-01,HMM_MinVar_Top10,MTD,0.038019805650420235,-0.0604159778354999,0.57436466,0
2023-08-01,HMM_MinVar_Top10,NFLX,0.01932420383388334,-0.0196753219645577,0.5518611,0
2023-08-01,HMM_MinVar_Top10,PANW,0.05708402556814131,-0.0760358657788278,0.54521555,0
2023-08-01,HMM_MinVar_Top10,WFC,2.075625679010907e-18,-0.0739773583226224,0.5346174,0
2023-08-01,HMM_MinVar_Top10,XEL,0.25,-0.0779631956340018,0.5370538,0
2023-08-01,HMM_ScoreMV_Top10,CMG,2.0894095104458066e-17,-0.0265575136368113,0.5336709,0
2023-08-01,HMM_ScoreMV_Top10,CTVA,9.45375677449875e-17,-0.0827669463041507,0.526877,0
2023-08-01,HMM_ScoreMV_Top10,GILD,0.12215023808498864,0.0334302293237249,0.5302252,0
2023-08-01,HMM_ScoreMV_Top10,GM,0.0,-0.1222457758567203,0.5277705,0
2023-08-01,HMM_ScoreMV_Top10,KHC,0.0,-0.0590858389302197,0.5274343,0
2023-08-01,HMM_ScoreMV_Top10,MTD,0.24999999999999994,-0.0604159778354999,0.57436466,0
2023-08-01,HMM_ScoreMV_Top10,NFLX,0.11280782598782228,-0.0196753219645577,0.5518611,0
2023-08-01,HMM_ScoreMV_Top10,PANW,0.18055375544971028,-0.0760358657788278,0.54521555,0
2023-08-01,HMM_ScoreMV_Top10,WFC,0.08448818047747891,-0.0739773583226224,0.5346174,0
2023-08-01,HMM_ScoreMV_Top10,XEL,0.24999999999999994,-0.0779631956340018,0.5370538,0
2023-08-01,Static_MinVar_Top10,CMG,0.08202855321215144,-0.0265575136368113,0.5336709,0
2023-08-01,Static_MinVar_Top10,CTVA,0.11702043837520322,-0.0827669463041507,0.526877,0
2023-08-01,Static_MinVar_Top10,GILD,0.21729270986265267,0.0334302293237249,0.5302252,0
2023-08-01,Static_MinVar_Top10,GM,0.0,-0.1222457758567203,0.5277705,0
2023-08-01,Static_MinVar_Top10,KHC,0.2139072476022408,-0.0590858389302197,0.5274343,0
2023-08-01,Static_MinVar_Top10,MTD,0.04225420169684599,-0.0604159778354999,0.57436466,0
2023-08-01,Static_MinVar_Top10,NFLX,0.0033114484375716935,-0.0196753219645577,0.5518611,0
2023-08-01,Static_MinVar_Top10,PANW,0.04874689486672032,-0.0760358657788278,0.54521555,0
2023-08-01,Static_MinVar_Top10,WFC,0.03447539524395604,-0.0739773583226224,0.5346174,0
2023-08-01,Static_MinVar_Top10,XEL,0.24096311070265766,-0.0779631956340018,0.5370538,0
2023-08-01,Static_ScoreMV_Top10,CMG,3.2780286281166326e-17,-0.0265575136368113,0.5336709,0
2023-08-01,Static_ScoreMV_Top10,CTVA,3.7987478767252326e-17,-0.0827669463041507,0.526877,0
2023-08-01,Static_ScoreMV_Top10,GILD,0.0904244081546766,0.0334302293237249,0.5302252,0
2023-08-01,Static_ScoreMV_Top10,GM,0.0,-0.1222457758567203,0.5277705,0
2023-08-01,Static_ScoreMV_Top10,KHC,0.020457231362455017,-0.0590858389302197,0.5274343,0
2023-08-01,Static_ScoreMV_Top10,MTD,0.25000000000000006,-0.0604159778354999,0.57436466,0
2023-08-01,Static_ScoreMV_Top10,NFLX,0.15115407870618677,-0.0196753219645577,0.5518611,0
2023-08-01,Static_ScoreMV_Top10,PANW,0.15909259723626476,-0.0760358657788278,0.54521555,0
2023-08-01,Static_ScoreMV_Top10,WFC,0.07887168454041693,-0.0739773583226224,0.5346174,0
2023-08-01,Static_ScoreMV_Top10,XEL,0.24999999999999997,-0.0779631956340018,0.5370538,0
2023-09-01,EqualWeight_Top10,EXC,0.1,-0.0845209659935761,0.5401535,0
2023-09-01,EqualWeight_Top10,GLW,0.1,-0.0806452659608034,0.54114956,0
2023-09-01,EqualWeight_Top10,KMB,0.1,-0.0575098486444757,0.5399574,0
2023-09-01,EqualWeight_Top10,KR,0.1,-0.0424097697597958,0.5361422,0
2023-09-01,EqualWeight_Top10,LHX,0.1,-0.0321563654047132,0.53650683,0
2023-09-01,EqualWeight_Top10,NFLX,0.1,-0.1353777884155926,0.57807606,0
2023-09-01,EqualWeight_Top10,O,0.1,-0.123771093394536,0.54784244,0
2023-09-01,EqualWeight_Top10,SRE,0.1,-0.0605696996988949,0.5423028,0
2023-09-01,EqualWeight_Top10,T,0.1,0.0013651888063821,0.54461634,0
2023-09-01,EqualWeight_Top10,TRV,0.1,0.0060791304813661,0.5376351,0
2023-09-01,HMM_MinVar_Top10,EXC,0.10971804006566181,-0.0845209659935761,0.5401535,0
2023-09-01,HMM_MinVar_Top10,GLW,0.09524390465576146,-0.0806452659608034,0.54114956,0
2023-09-01,HMM_MinVar_Top10,KMB,0.20855117055094172,-0.0575098486444757,0.5399574,0
2023-09-01,HMM_MinVar_Top10,KR,0.04801069305524663,-0.0424097697597958,0.5361422,0
2023-09-01,HMM_MinVar_Top10,LHX,0.11565959072827657,-0.0321563654047132,0.53650683,0
2023-09-01,HMM_MinVar_Top10,NFLX,0.026475832663603503,-0.1353777884155926,0.57807606,0
2023-09-01,HMM_MinVar_Top10,O,0.10876085271380179,-0.123771093394536,0.54784244,0
2023-09-01,HMM_MinVar_Top10,SRE,0.05729750517049801,-0.0605696996988949,0.5423028,0
2023-09-01,HMM_MinVar_Top10,T,0.09998000012200102,0.0013651888063821,0.54461634,0
2023-09-01,HMM_MinVar_Top10,TRV,0.13030241027420758,0.0060791304813661,0.5376351,0
2023-09-01,HMM_ScoreMV_Top10,EXC,0.0,-0.0845209659935761,0.5401535,0
2023-09-01,HMM_ScoreMV_Top10,GLW,0.019361629972474897,-0.0806452659608034,0.54114956,0
2023-09-01,HMM_ScoreMV_Top10,KMB,0.09691836773468901,-0.0575098486444757,0.5399574,0
2023-09-01,HMM_ScoreMV_Top10,KR,0.0,-0.0424097697597958,0.5361422,0
2023-09-01,HMM_ScoreMV_Top10,LHX,7.951870546758728e-18,-0.0321563654047132,0.53650683,0
2023-09-01,HMM_ScoreMV_Top10,NFLX,0.2251226112371705,-0.1353777884155926,0.57807606,0
2023-09-01,HMM_ScoreMV_Top10,O,0.24999999999999997,-0.123771093394536,0.54784244,0
2023-09-01,HMM_ScoreMV_Top10,SRE,0.17507477251369213,-0.0605696996988949,0.5423028,0
2023-09-01,HMM_ScoreMV_Top10,T,0.23352261854197362,0.0013651888063821,0.54461634,0
2023-09-01,HMM_ScoreMV_Top10,TRV,0.0,0.0060791304813661,0.5376351,0
2023-09-01,Static_MinVar_Top10,EXC,0.07873379327518425,-0.0845209659935761,0.5401535,0
2023-09-01,Static_MinVar_Top10,GLW,0.047210657893942916,-0.0806452659608034,0.54114956,0
2023-09-01,Static_MinVar_Top10,KMB,0.24999999999999994,-0.0575098486444757,0.5399574,0
2023-09-01,Static_MinVar_Top10,KR,0.08925075677667726,-0.0424097697597958,0.5361422,0
2023-09-01,Static_MinVar_Top10,LHX,0.09093908574901811,-0.0321563654047132,0.53650683,0
2023-09-01,Static_MinVar_Top10,NFLX,0.02806686293025996,-0.1353777884155926,0.57807606,0
2023-09-01,Static_MinVar_Top10,O,0.14317546627543884,-0.123771093394536,0.54784244,0
2023-09-01,Static_MinVar_Top10,SRE,0.04521333528526239,-0.0605696996988949,0.5423028,0
2023-09-01,Static_MinVar_Top10,T,0.11440388605670343,0.0013651888063821,0.54461634,0
2023-09-01,Static_MinVar_Top10,TRV,0.11300615575751281,0.0060791304813661,0.5376351,0
2023-09-01,Static_ScoreMV_Top10,EXC,9.843524569139928e-17,-0.0845209659935761,0.5401535,0
2023-09-01,Static_ScoreMV_Top10,GLW,0.0,-0.0806452659608034,0.54114956,0
2023-09-01,Static_ScoreMV_Top10,KMB,0.12551065211529217,-0.0575098486444757,0.5399574,0
2023-09-01,Static_ScoreMV_Top10,KR,1.3892047103152053e-17,-0.0424097697597958,0.5361422,0
2023-09-01,Static_ScoreMV_Top10,LHX,2.8659751301098485e-17,-0.0321563654047132,0.53650683,0
2023-09-01,Static_ScoreMV_Top10,NFLX,0.25,-0.1353777884155926,0.57807606,0
2023-09-01,Static_ScoreMV_Top10,O,0.25,-0.123771093394536,0.54784244,0
2023-09-01,Static_ScoreMV_Top10,SRE,0.12448934788470778,-0.0605696996988949,0.5423028,0
2023-09-01,Static_ScoreMV_Top10,T,0.24999999999999997,0.0013651888063821,0.54461634,0
2023-09-01,Static_ScoreMV_Top10,TRV,4.685348781634613e-18,0.0060791304813661,0.5376351,0
2023-10-02,EqualWeight_Top10,ETN,0.1,-0.0592655518344252,0.55782926,3
2023-10-02,EqualWeight_Top10,GLW,0.1,-0.1175106474064106,0.5281503,3
2023-10-02,EqualWeight_Top10,META,0.1,-0.013558215259419,0.52752143,3
2023-10-02,EqualWeight_Top10,NFLX,0.1,0.0782215023826686,0.54824173,3
2023-10-02,EqualWeight_Top10,NVDA,0.1,-0.0808583829586478,0.62712014,3
2023-10-02,EqualWeight_Top10,PCAR,0.1,-0.0134496741365087,0.53043044,3
2023-10-02,EqualWeight_Top10,UBER,0.1,-0.06457970103396,0.5466597,3
2023-10-02,EqualWeight_Top10,URI,0.1,-0.0604062865215155,0.55583036,3
2023-10-02,EqualWeight_Top10,VRSK,0.1,-0.0501796894510264,0.53789634,3
2023-10-02,EqualWeight_Top10,XOM,0.1,-0.0843206660285174,0.53045666,3
2023-10-02,HMM_MinVar_Top10,ETN,0.16381072261020527,-0.0592655518344252,0.55782926,3
2023-10-02,HMM_MinVar_Top10,GLW,0.1172482912050975,-0.1175106474064106,0.5281503,3
2023-10-02,HMM_MinVar_Top10,META,0.0,-0.013558215259419,0.52752143,3
2023-10-02,HMM_MinVar_Top10,NFLX,0.0,0.0782215023826686,0.54824173,3
2023-10-02,HMM_MinVar_Top10,NVDA,0.0,-0.0808583829586478,0.62712014,3
2023-10-02,HMM_MinVar_Top10,PCAR,0.25000000000000006,-0.0134496741365087,0.53043044,3
2023-10-02,HMM_MinVar_Top10,UBER,0.0,-0.06457970103396,0.5466597,3
2023-10-02,HMM_MinVar_Top10,URI,4.432333180938707e-17,-0.0604062865215155,0.55583036,3
2023-10-02,HMM_MinVar_Top10,VRSK,0.25000000000000006,-0.0501796894510264,0.53789634,3
2023-10-02,HMM_MinVar_Top10,XOM,0.21894098618469723,-0.0843206660285174,0.53045666,3
2023-10-02,HMM_ScoreMV_Top10,ETN,0.24999999999999997,-0.0592655518344252,0.55782926,3
2023-10-02,HMM_ScoreMV_Top10,GLW,0.0,-0.1175106474064106,0.5281503,3
2023-10-02,HMM_ScoreMV_Top10,META,2.9972641254019125e-17,-0.013558215259419,0.52752143,3
2023-10-02,HMM_ScoreMV_Top10,NFLX,0.0,0.0782215023826686,0.54824173,3
2023-10-02,HMM_ScoreMV_Top10,NVDA,0.25,-0.0808583829586478,0.62712014,3
2023-10-02,HMM_ScoreMV_Top10,PCAR,0.08523027278699628,-0.0134496741365087,0.53043044,3
2023-10-02,HMM_ScoreMV_Top10,UBER,0.0,-0.06457970103396,0.5466597,3
2023-10-02,HMM_ScoreMV_Top10,URI,0.0057498935309892325,-0.0604062865215155,0.55583036,3
2023-10-02,HMM_ScoreMV_Top10,VRSK,0.24999999999999997,-0.0501796894510264,0.53789634,3
2023-10-02,HMM_ScoreMV_Top10,XOM,0.1590198336820145,-0.0843206660285174,0.53045666,3
2023-10-02,Static_MinVar_Top10,ETN,0.15503066546435856,-0.0592655518344252,0.55782926,3
2023-10-02,Static_MinVar_Top10,GLW,0.12248319461009374,-0.1175106474064106,0.5281503,3
2023-10-02,Static_MinVar_Top10,META,0.01697776896960121,-0.013558215259419,0.52752143,3
2023-10-02,Static_MinVar_Top10,NFLX,0.03487666167591028,0.0782215023826686,0.54824173,3
2023-10-02,Static_MinVar_Top10,NVDA,0.0,-0.0808583829586478,0.62712014,3
2023-10-02,Static_MinVar_Top10,PCAR,0.24229476905072916,-0.0134496741365087,0.53043044,3
2023-10-02,Static_MinVar_Top10,UBER,1.2126819996671859e-18,-0.06457970103396,0.5466597,3
2023-10-02,Static_MinVar_Top10,URI,0.0,-0.0604062865215155,0.55583036,3
2023-10-02,Static_MinVar_Top10,VRSK,0.25,-0.0501796894510264,0.53789634,3
2023-10-02,Static_MinVar_Top10,XOM,0.17833694022930702,-0.0843206660285174,0.53045666,3
2023-10-02,Static_ScoreMV_Top10,ETN,0.24999999999999997,-0.0592655518344252,0.55782926,3
2023-10-02,Static_ScoreMV_Top10,GLW,3.037910629565428e-17,-0.1175106474064106,0.5281503,3
2023-10-02,Static_ScoreMV_Top10,META,0.0,-0.013558215259419,0.52752143,3
2023-10-02,Static_ScoreMV_Top10,NFLX,0.017909952406968375,0.0782215023826686,0.54824173,3
2023-10-02,Static_ScoreMV_Top10,NVDA,0.25,-0.0808583829586478,0.62712014,3
2023-10-02,Static_ScoreMV_Top10,PCAR,0.024145419092118467,-0.0134496741365087,0.53043044,3
2023-10-02,Static_ScoreMV_Top10,UBER,0.0,-0.06457970103396,0.5466597,3
2023-10-02,Static_ScoreMV_Top10,URI,0.07791311643392558,-0.0604062865215155,0.55583036,3
2023-10-02,Static_ScoreMV_Top10,VRSK,0.25,-0.0501796894510264,0.53789634,3
2023-10-02,Static_ScoreMV_Top10,XOM,0.13003151206698763,-0.0843206660285174,0.53045666,3
2023-11-01,EqualWeight_Top10,CTVA,0.1,-0.0498638272961179,0.53724015,1
2023-11-01,EqualWeight_Top10,DLTR,0.1,0.1085299013899541,0.5354938,1
2023-11-01,EqualWeight_Top10,GM,0.1,0.1317948411587186,0.5289203,1
2023-11-01,EqualWeight_Top10,HLT,0.1,0.1094547887461754,0.5231883,1
2023-11-01,EqualWeight_Top10,HPQ,0.1,0.108006211109433,0.52428156,1
2023-11-01,EqualWeight_Top10,KMB,0.1,0.0356575386583737,0.5398236,1
2023-11-01,EqualWeight_Top10,MTD,0.1,0.1263049012966539,0.56132466,1
2023-11-01,EqualWeight_Top10,NEM,0.1,0.0890850944243506,0.5258778,1
2023-11-01,EqualWeight_Top10,NVDA,0.1,0.105020630116557,0.61122173,1
2023-11-01,EqualWeight_Top10,O,0.1,0.1297897243591244,0.52699554,1
2023-11-01,HMM_MinVar_Top10,CTVA,0.0902683717841553,-0.0498638272961179,0.53724015,1
2023-11-01,HMM_MinVar_Top10,DLTR,0.0714315428804767,0.1085299013899541,0.5354938,1
2023-11-01,HMM_MinVar_Top10,GM,0.016567365252342463,0.1317948411587186,0.5289203,1
2023-11-01,HMM_MinVar_Top10,HLT,0.12061936525369028,0.1094547887461754,0.5231883,1
2023-11-01,HMM_MinVar_Top10,HPQ,0.025827855459866655,0.108006211109433,0.52428156,1
2023-11-01,HMM_MinVar_Top10,KMB,0.25,0.0356575386583737,0.5398236,1
2023-11-01,HMM_MinVar_Top10,MTD,0.06004590049266708,0.1263049012966539,0.56132466,1
2023-11-01,HMM_MinVar_Top10,NEM,0.11436439655599945,0.0890850944243506,0.5258778,1
2023-11-01,HMM_MinVar_Top10,NVDA,0.0008752023208020121,0.105020630116557,0.61122173,1
2023-11-01,HMM_MinVar_Top10,O,0.25,0.1297897243591244,0.52699554,1
2023-11-01,HMM_ScoreMV_Top10,CTVA,0.14592420284265506,-0.0498638272961179,0.53724015,1
2023-11-01,HMM_ScoreMV_Top10,DLTR,0.0976499299148622,0.1085299013899541,0.5354938,1
2023-11-01,HMM_ScoreMV_Top10,GM,0.0,0.1317948411587186,0.5289203,1
2023-11-01,HMM_ScoreMV_Top10,HLT,0.0,0.1094547887461754,0.5231883,1
2023-11-01,HMM_ScoreMV_Top10,HPQ,0.0,0.108006211109433,0.52428156,1
2023-11-01,HMM_ScoreMV_Top10,KMB,0.24999999999999994,0.0356575386583737,0.5398236,1
2023-11-01,HMM_ScoreMV_Top10,MTD,0.24999999999999994,0.1263049012966539,0.56132466,1
2023-11-01,HMM_ScoreMV_Top10,NEM,0.0,0.0890850944243506,0.5258778,1
2023-11-01,HMM_ScoreMV_Top10,NVDA,0.24999999999999994,0.105020630116557,0.61122173,1
2023-11-01,HMM_ScoreMV_Top10,O,0.006425867242482959,0.1297897243591244,0.52699554,1
2023-11-01,Static_MinVar_Top10,CTVA,0.1544815258212447,-0.0498638272961179,0.53724015,1
2023-11-01,Static_MinVar_Top10,DLTR,0.05768312925173982,0.1085299013899541,0.5354938,1
2023-11-01,Static_MinVar_Top10,GM,0.0,0.1317948411587186,0.5289203,1
2023-11-01,Static_MinVar_Top10,HLT,0.07532967105385079,0.1094547887461754,0.5231883,1
2023-11-01,Static_MinVar_Top10,HPQ,0.027446831027964417,0.108006211109433,0.52428156,1
2023-11-01,Static_MinVar_Top10,KMB,0.25,0.0356575386583737,0.5398236,1
2023-11-01,Static_MinVar_Top10,MTD,0.07086038395308442,0.1263049012966539,0.56132466,1
2023-11-01,Static_MinVar_Top10,NEM,0.11295749036978972,0.0890850944243506,0.5258778,1
2023-11-01,Static_MinVar_Top10,NVDA,0.0012409685223262368,0.105020630116557,0.61122173,1
2023-11-01,Static_MinVar_Top10,O,0.25,0.1297897243591244,0.52699554,1
2023-11-01,Static_ScoreMV_Top10,CTVA,0.19381885573515123,-0.0498638272961179,0.53724015,1
2023-11-01,Static_ScoreMV_Top10,DLTR,0.05618114426484824,0.1085299013899541,0.5354938,1
2023-11-01,Static_ScoreMV_Top10,GM,6.008015832811224e-17,0.1317948411587186,0.5289203,1
2023-11-01,Static_ScoreMV_Top10,HLT,2.385515622640638e-18,0.1094547887461754,0.5231883,1
2023-11-01,Static_ScoreMV_Top10,HPQ,2.3197294502844915e-18,0.108006211109433,0.52428156,1
2023-11-01,Static_ScoreMV_Top10,KMB,0.25000000000000006,0.0356575386583737,0.5398236,1
2023-11-01,Static_ScoreMV_Top10,MTD,0.24999999999999997,0.1263049012966539,0.56132466,1
2023-11-01,Static_ScoreMV_Top10,NEM,5.023726062680856e-18,0.0890850944243506,0.5258778,1
2023-11-01,Static_ScoreMV_Top10,NVDA,0.25000000000000006,0.105020630116557,0.61122173,1
2023-11-01,Static_ScoreMV_Top10,O,3.6516207582819097e-16,0.1297897243591244,0.52699554,1
2023-12-01,EqualWeight_Top10,AMD,0.1,0.141609708607282,0.5360826,2
2023-12-01,EqualWeight_Top10,AMZN,0.1,0.0197238245294246,0.53141546,2
2023-12-01,EqualWeight_Top10,BIIB,0.1,0.1409392778360561,0.52957076,2
2023-12-01,EqualWeight_Top10,CDNS,0.1,-0.0275569152536977,0.5090529,2
2023-12-01,EqualWeight_Top10,CTVA,0.1,0.051082187830107,0.50965244,2
2023-12-01,EqualWeight_Top10,F,0.1,0.1493383724675483,0.51723284,2
2023-12-01,EqualWeight_Top10,GLW,0.1,0.0572123036165237,0.51766217,2
2023-12-01,EqualWeight_Top10,GM,0.1,0.1140296737040937,0.5104146,2
2023-12-01,EqualWeight_Top10,HAL,0.1,-0.0379267365788631,0.5136607,2
2023-12-01,EqualWeight_Top10,NFLX,0.1,0.0059259920575602,0.5480799,2
2023-12-01,HMM_MinVar_Top10,AMD,0.0,0.141609708607282,0.5360826,2
2023-12-01,HMM_MinVar_Top10,AMZN,0.11157997104649353,0.0197238245294246,0.53141546,2
2023-12-01,HMM_MinVar_Top10,BIIB,0.06037062142539659,0.1409392778360561,0.52957076,2
2023-12-01,HMM_MinVar_Top10,CDNS,0.17538957415133727,-0.0275569152536977,0.5090529,2
2023-12-01,HMM_MinVar_Top10,CTVA,0.25,0.051082187830107,0.50965244,2
2023-12-01,HMM_MinVar_Top10,F,0.02633618103602209,0.1493383724675483,0.51723284,2
2023-12-01,HMM_MinVar_Top10,GLW,0.25,0.0572123036165237,0.51766217,2
2023-12-01,HMM_MinVar_Top10,GM,0.029443370656983,0.1140296737040937,0.5104146,2
2023-12-01,HMM_MinVar_Top10,HAL,0.06577892043917263,-0.0379267365788631,0.5136607,2
2023-12-01,HMM_MinVar_Top10,NFLX,0.031101361244594897,0.0059259920575602,0.5480799,2
2023-12-01,HMM_ScoreMV_Top10,AMD,0.08986954317758729,0.141609708607282,0.5360826,2
2023-12-01,HMM_ScoreMV_Top10,AMZN,0.24999999999999997,0.0197238245294246,0.53141546,2
2023-12-01,HMM_ScoreMV_Top10,BIIB,0.08731737019835782,0.1409392778360561,0.52957076,2
2023-12-01,HMM_ScoreMV_Top10,CDNS,0.0,-0.0275569152536977,0.5090529,2
2023-12-01,HMM_ScoreMV_Top10,CTVA,0.12505557230035066,0.051082187830107,0.50965244,2
2023-12-01,HMM_ScoreMV_Top10,F,4.059487050669819e-17,0.1493383724675483,0.51723284,2
2023-12-01,HMM_ScoreMV_Top10,GLW,0.19633242754123695,0.0572123036165237,0.51766217,2
2023-12-01,HMM_ScoreMV_Top10,GM,0.0,0.1140296737040937,0.5104146,2
2023-12-01,HMM_ScoreMV_Top10,HAL,0.0014250867824672523,-0.0379267365788631,0.5136607,2
2023-12-01,HMM_ScoreMV_Top10,NFLX,0.25,0.0059259920575602,0.5480799,2
2023-12-01,Static_MinVar_Top10,AMD,0.0,0.141609708607282,0.5360826,2
2023-12-01,Static_MinVar_Top10,AMZN,0.1000341894130516,0.0197238245294246,0.53141546,2
2023-12-01,Static_MinVar_Top10,BIIB,0.1337046981627629,0.1409392778360561,0.52957076,2
2023-12-01,Static_MinVar_Top10,CDNS,0.14472230451007645,-0.0275569152536977,0.5090529,2
2023-12-01,Static_MinVar_Top10,CTVA,0.25,0.051082187830107,0.50965244,2
2023-12-01,Static_MinVar_Top10,F,0.01527549739931208,0.1493383724675483,0.51723284,2
2023-12-01,Static_MinVar_Top10,GLW,0.25,0.0572123036165237,0.51766217,2
2023-12-01,Static_MinVar_Top10,GM,0.019068822389728707,0.1140296737040937,0.5104146,2
2023-12-01,Static_MinVar_Top10,HAL,0.061968443573401095,-0.0379267365788631,0.5136607,2
2023-12-01,Static_MinVar_Top10,NFLX,0.025226044551667166,0.0059259920575602,0.5480799,2
2023-12-01,Static_ScoreMV_Top10,AMD,0.10052894102979504,0.141609708607282,0.5360826,2
2023-12-01,Static_ScoreMV_Top10,AMZN,0.2254312780185042,0.0197238245294246,0.53141546,2
2023-12-01,Static_ScoreMV_Top10,BIIB,0.24408994540489456,0.1409392778360561,0.52957076,2
2023-12-01,Static_ScoreMV_Top10,CDNS,0.0,-0.0275569152536977,0.5090529,2
2023-12-01,Static_ScoreMV_Top10,CTVA,9.867526827950026e-20,0.051082187830107,0.50965244,2
2023-12-01,Static_ScoreMV_Top10,F,2.4982202055575237e-17,0.1493383724675483,0.51723284,2
2023-12-01,Static_ScoreMV_Top10,GLW,0.15571332416666456,0.0572123036165237,0.51766217,2
2023-12-01,Static_ScoreMV_Top10,GM,0.0,0.1140296737040937,0.5104146,2
2023-12-01,Static_ScoreMV_Top10,HAL,0.024236511380141608,-0.0379267365788631,0.5136607,2
2023-12-01,Static_ScoreMV_Top10,NFLX,0.25,0.0059259920575602,0.5480799,2
2024-01-02,EqualWeight_Top10,BKNG,0.1,0.0077315540327347,0.52608484,0
2024-01-02,EqualWeight_Top10,BRK-B,0.1,0.0587099246288378,0.55536705,0
2024-01-02,EqualWeight_Top10,CDNS,0.1,0.0972232717839387,0.5144106,0
2024-01-02,EqualWeight_Top10,CMG,0.1,0.0730682545731544,0.5147539,0
2024-01-02,EqualWeight_Top10,GM,0.1,0.0762828914961484,0.52478784,0
2024-01-02,EqualWeight_Top10,KMB,0.1,-0.0113600339303638,0.5186709,0
2024-01-02,EqualWeight_Top10,MCO,0.1,0.0267933742870754,0.5112447,0
2024-01-02,EqualWeight_Top10,NFLX,0.1,0.2040768652160343,0.5712759,0
2024-01-02,EqualWeight_Top10,NOW,0.1,0.1132767357838273,0.5303416,0
2024-01-02,EqualWeight_Top10,VRSK,0.1,0.0149171933997569,0.55235165,0
2024-01-02,HMM_MinVar_Top10,BKNG,0.0495854012617589,0.0077315540327347,0.52608484,0
2024-01-02,HMM_MinVar_Top10,BRK-B,0.25,0.0587099246288378,0.55536705,0
2024-01-02,HMM_MinVar_Top10,CDNS,0.0,0.0972232717839387,0.5144106,0
2024-01-02,HMM_MinVar_Top10,CMG,0.051763522308913,0.0730682545731544,0.5147539,0
2024-01-02,HMM_MinVar_Top10,GM,0.07904641311001848,0.0762828914961484,0.52478784,0
2024-01-02,HMM_MinVar_Top10,KMB,0.25,-0.0113600339303638,0.5186709,0
2024-01-02,HMM_MinVar_Top10,MCO,0.1026912231235912,0.0267933742870754,0.5112447,0
2024-01-02,HMM_MinVar_Top10,NFLX,0.01212388217169482,0.2040768652160343,0.5712759,0
2024-01-02,HMM_MinVar_Top10,NOW,0.0039426318200487765,0.1132767357838273,0.5303416,0
2024-01-02,HMM_MinVar_Top10,VRSK,0.20084692620397485,0.0149171933997569,0.55235165,0
2024-01-02,HMM_ScoreMV_Top10,BKNG,0.05663498961516282,0.0077315540327347,0.52608484,0
2024-01-02,HMM_ScoreMV_Top10,BRK-B,0.25,0.0587099246288378,0.55536705,0
2024-01-02,HMM_ScoreMV_Top10,CDNS,3.109614344771454e-17,0.0972232717839387,0.5144106,0
2024-01-02,HMM_ScoreMV_Top10,CMG,0.0,0.0730682545731544,0.5147539,0
2024-01-02,HMM_ScoreMV_Top10,GM,0.0647430895209908,0.0762828914961484,0.52478784,0
2024-01-02,HMM_ScoreMV_Top10,KMB,0.13898136150154025,-0.0113600339303638,0.5186709,0
2024-01-02,HMM_ScoreMV_Top10,MCO,0.0,0.0267933742870754,0.5112447,0
2024-01-02,HMM_ScoreMV_Top10,NFLX,0.23964055936230594,0.2040768652160343,0.5712759,0
2024-01-02,HMM_ScoreMV_Top10,NOW,2.0899565853307283e-16,0.1132767357838273,0.5303416,0
2024-01-02,HMM_ScoreMV_Top10,VRSK,0.24999999999999994,0.0149171933997569,0.55235165,0
2024-01-02,Static_MinVar_Top10,BKNG,0.058733166125495,0.0077315540327347,0.52608484,0
2024-01-02,Static_MinVar_Top10,BRK-B,0.24999999999999994,0.0587099246288378,0.55536705,0
2024-01-02,Static_MinVar_Top10,CDNS,0.029593436232875574,0.0972232717839387,0.5144106,0
2024-01-02,Static_MinVar_Top10,CMG,0.08781208139668323,0.0730682545731544,0.5147539,0
2024-01-02,Static_MinVar_Top10,GM,0.03148001890655088,0.0762828914961484,0.52478784,0
2024-01-02,Static_MinVar_Top10,KMB,0.24999999999999994,-0.0113600339303638,0.5186709,0
2024-01-02,Static_MinVar_Top10,MCO,0.06011145379540783,0.0267933742870754,0.5112447,0
2024-01-02,Static_MinVar_Top10,NFLX,0.0,0.2040768652160343,0.5712759,0
2024-01-02,Static_MinVar_Top10,NOW,6.0799987170105975e-18,0.1132767357838273,0.5303416,0
2024-01-02,Static_MinVar_Top10,VRSK,0.23226984354298744,0.0149171933997569,0.55235165,0
2024-01-02,Static_ScoreMV_Top10,BKNG,0.03203100613950101,0.0077315540327347,0.52608484,0
2024-01-02,Static_ScoreMV_Top10,BRK-B,0.24999999999999992,0.0587099246288378,0.55536705,0
2024-01-02,Static_ScoreMV_Top10,CDNS,1.288606325373154e-16,0.0972232717839387,0.5144106,0
2024-01-02,Static_ScoreMV_Top10,CMG,1.4888143173324483e-16,0.0730682545731544,0.5147539,0
2024-01-02,Static_ScoreMV_Top10,GM,0.0,0.0762828914961484,0.52478784,0
2024-01-02,Static_ScoreMV_Top10,KMB,0.21796899386049903,-0.0113600339303638,0.5186709,0
2024-01-02,Static_ScoreMV_Top10,MCO,5.533834341714157e-19,0.0267933742870754,0.5112447,0
2024-01-02,Static_ScoreMV_Top10,NFLX,0.25000000000000006,0.2040768652160343,0.5712759,0
2024-01-02,Static_ScoreMV_Top10,NOW,1.1852975523902045e-17,0.1132767357838273,0.5303416,0
2024-01-02,Static_ScoreMV_Top10,VRSK,0.24999999999999978,0.0149171933997569,0.55235165,0
2024-02-01,EqualWeight_Top10,APD,0.1,-0.0907691245022831,0.5156368,0
2024-02-01,EqualWeight_Top10,BKNG,0.1,-0.0165016591978768,0.5164085,0
2024-02-01,EqualWeight_Top10,C,0.1,0.0012606822219287,0.512713,0
2024-02-01,EqualWeight_Top10,FDX,0.1,0.0192187482232331,0.5239109,0
2024-02-01,EqualWeight_Top10,HAL,0.1,0.0059270531369914,0.51851517,0
2024-02-01,EqualWeight_Top10,HPQ,0.1,0.0162404232827775,0.52758783,0
2024-02-01,EqualWeight_Top10,KMB,0.1,-0.004293814708274,0.5204677,0
2024-02-01,EqualWeight_Top10,SLB,0.1,0.0128802572854469,0.51157004,0
2024-02-01,EqualWeight_Top10,VRSK,0.1,-0.0201524489364852,0.548025,0
2024-02-01,EqualWeight_Top10,YUM,0.1,0.0587021426305078,0.5115988,0
2024-02-01,HMM_MinVar_Top10,APD,0.055138351590993846,-0.0907691245022831,0.5156368,0
2024-02-01,HMM_MinVar_Top10,BKNG,0.015908586301905392,-0.0165016591978768,0.5164085,0
2024-02-01,HMM_MinVar_Top10,C,0.1816403600378353,0.0012606822219287,0.512713,0
2024-02-01,HMM_MinVar_Top10,FDX,0.030725457715257403,0.0192187482232331,0.5239109,0
2024-02-01,HMM_MinVar_Top10,HAL,0.0,0.0059270531369914,0.51851517,0
2024-02-01,HMM_MinVar_Top10,HPQ,0.048646057912973786,0.0162404232827775,0.52758783,0
2024-02-01,HMM_MinVar_Top10,KMB,0.25,-0.004293814708274,0.5204677,0
2024-02-01,HMM_MinVar_Top10,SLB,0.052799439348818936,0.0128802572854469,0.51157004,0
2024-02-01,HMM_MinVar_Top10,VRSK,0.2296978478759136,-0.0201524489364852,0.548025,0
2024-02-01,HMM_MinVar_Top10,YUM,0.1354438992163017,0.0587021426305078,0.5115988,0
2024-02-01,HMM_ScoreMV_Top10,APD,0.0,-0.0907691245022831,0.5156368,0
2024-02-01,HMM_ScoreMV_Top10,BKNG,0.0,-0.0165016591978768,0.5164085,0
2024-02-01,HMM_ScoreMV_Top10,C,0.0,0.0012606822219287,0.512713,0
2024-02-01,HMM_ScoreMV_Top10,FDX,0.24999999999999994,0.0192187482232331,0.5239109,0
2024-02-01,HMM_ScoreMV_Top10,HAL,0.0,0.0059270531369914,0.51851517,0
2024-02-01,HMM_ScoreMV_Top10,HPQ,0.24999999999999992,0.0162404232827775,0.52758783,0
2024-02-01,HMM_ScoreMV_Top10,KMB,0.24999999999999992,-0.004293814708274,0.5204677,0
2024-02-01,HMM_ScoreMV_Top10,SLB,0.0,0.0128802572854469,0.51157004,0
2024-02-01,HMM_ScoreMV_Top10,VRSK,0.24999999999999992,-0.0201524489364852,0.548025,0
2024-02-01,HMM_ScoreMV_Top10,YUM,1.3411813076183654e-16,0.0587021426305078,0.5115988,0
2024-02-01,Static_MinVar_Top10,APD,0.10172993278365274,-0.0907691245022831,0.5156368,0
2024-02-01,Static_MinVar_Top10,BKNG,0.0,-0.0165016591978768,0.5164085,0
2024-02-01,Static_MinVar_Top10,C,0.08089316144710632,0.0012606822219287,0.512713,0
2024-02-01,Static_MinVar_Top10,FDX,0.057786659646032884,0.0192187482232331,0.5239109,0
2024-02-01,Static_MinVar_Top10,HAL,0.0024142922765744176,0.0059270531369914,0.51851517,0
2024-02-01,Static_MinVar_Top10,HPQ,0.008279535789190941,0.0162404232827775,0.52758783,0
2024-02-01,Static_MinVar_Top10,KMB,0.25,-0.004293814708274,0.5204677,0
2024-02-01,Static_MinVar_Top10,SLB,0.06346361826762584,0.0128802572854469,0.51157004,0
2024-02-01,Static_MinVar_Top10,VRSK,0.1854327997898169,-0.0201524489364852,0.548025,0
2024-02-01,Static_MinVar_Top10,YUM,0.25,0.0587021426305078,0.5115988,0
2024-02-01,Static_ScoreMV_Top10,APD,5.978744096030298e-16,-0.0907691245022831,0.5156368,0
2024-02-01,Static_ScoreMV_Top10,BKNG,0.0,-0.0165016591978768,0.5164085,0
2024-02-01,Static_ScoreMV_Top10,C,0.0,0.0012606822219287,0.512713,0
2024-02-01,Static_ScoreMV_Top10,FDX,0.22293861306752868,0.0192187482232331,0.5239109,0
2024-02-01,Static_ScoreMV_Top10,HAL,0.027061386932470993,0.0059270531369914,0.51851517,0
2024-02-01,Static_ScoreMV_Top10,HPQ,0.24999999999999972,0.0162404232827775,0.52758783,0
2024-02-01,Static_ScoreMV_Top10,KMB,0.24999999999999983,-0.004293814708274,0.5204677,0
2024-02-01,Static_ScoreMV_Top10,SLB,4.0218842523404785e-16,0.0128802572854469,0.51157004,0
2024-02-01,Static_ScoreMV_Top10,VRSK,0.24999999999999978,-0.0201524489364852,0.548025,0
2024-02-01,Static_ScoreMV_Top10,YUM,0.0,0.0587021426305078,0.5115988,0
2024-03-01,EqualWeight_Top10,BRK-B,0.1,0.0321535391576426,0.555394,0
2024-03-01,EqualWeight_Top10,C,0.1,0.1413667721170599,0.5319039,0
2024-03-01,EqualWeight_Top10,DD,0.1,0.1098335300283681,0.54153603,0
2024-03-01,EqualWeight_Top10,HAL,0.1,0.125810711310496,0.5495327,0
2024-03-01,EqualWeight_Top10,HUM,0.1,0.0008950432390786,0.57191855,0
2024-03-01,EqualWeight_Top10,MMM,0.1,0.2241225774379487,0.55363417,0
2024-03-01,EqualWeight_Top10,O,0.1,0.0282684653918174,0.53614104,0
2024-03-01,EqualWeight_Top10,PANW,0.1,-0.0759920004383873,0.53418046,0
2024-03-01,EqualWeight_Top10,PFE,0.1,0.0424972133882857,0.5296379,0
2024-03-01,EqualWeight_Top10,VRSK,0.1,-0.0351132313552833,0.5348731,0
2024-03-01,HMM_MinVar_Top10,BRK-B,0.25,0.0321535391576426,0.555394,0
2024-03-01,HMM_MinVar_Top10,C,0.08401012188228932,0.1413667721170599,0.5319039,0
2024-03-01,HMM_MinVar_Top10,DD,0.0,0.1098335300283681,0.54153603,0
2024-03-01,HMM_MinVar_Top10,HAL,0.03266191812817742,0.125810711310496,0.5495327,0
2024-03-01,HMM_MinVar_Top10,HUM,0.06563581220746516,0.0008950432390786,0.57191855,0
2024-03-01,HMM_MinVar_Top10,MMM,0.06688367512129262,0.2241225774379487,0.55363417,0
2024-03-01,HMM_MinVar_Top10,O,0.16648434173890247,0.0282684653918174,0.53614104,0
2024-03-01,HMM_MinVar_Top10,PANW,0.025036101300483407,-0.0759920004383873,0.53418046,0
2024-03-01,HMM_MinVar_Top10,PFE,0.13523845091378517,0.0424972133882857,0.5296379,0
2024-03-01,HMM_MinVar_Top10,VRSK,0.17404957870760443,-0.0351132313552833,0.5348731,0
2024-03-01,HMM_ScoreMV_Top10,BRK-B,0.25,0.0321535391576426,0.555394,0
2024-03-01,HMM_ScoreMV_Top10,C,0.0,0.1413667721170599,0.5319039,0
2024-03-01,HMM_ScoreMV_Top10,DD,0.014968380210908683,0.1098335300283681,0.54153603,0
2024-03-01,HMM_ScoreMV_Top10,HAL,0.22755428192970795,0.125810711310496,0.5495327,0
2024-03-01,HMM_ScoreMV_Top10,HUM,0.25,0.0008950432390786,0.57191855,0
2024-03-01,HMM_ScoreMV_Top10,MMM,0.25,0.2241225774379487,0.55363417,0
2024-03-01,HMM_ScoreMV_Top10,O,3.3382304791804616e-17,0.0282684653918174,0.53614104,0
2024-03-01,HMM_ScoreMV_Top10,PANW,0.001968277430727398,-0.0759920004383873,0.53418046,0
2024-03-01,HMM_ScoreMV_Top10,PFE,3.856696844517149e-17,0.0424972133882857,0.5296379,0
2024-03-01,HMM_ScoreMV_Top10,VRSK,0.0055090604286559194,-0.0351132313552833,0.5348731,0
2024-03-01,Static_MinVar_Top10,BRK-B,0.25,0.0321535391576426,0.555394,0
2024-03-01,Static_MinVar_Top10,C,0.024238482173161515,0.1413667721170599,0.5319039,0
2024-03-01,Static_MinVar_Top10,DD,0.0,0.1098335300283681,0.54153603,0
2024-03-01,Static_MinVar_Top10,HAL,0.010921896678480841,0.125810711310496,0.5495327,0
2024-03-01,Static_MinVar_Top10,HUM,0.12505307537682572,0.0008950432390786,0.57191855,0
2024-03-01,Static_MinVar_Top10,MMM,0.06993947296902303,0.2241225774379487,0.55363417,0
2024-03-01,Static_MinVar_Top10,O,0.23674159782277396,0.0282684653918174,0.53614104,0
2024-03-01,Static_MinVar_Top10,PANW,0.03258784286932461,-0.0759920004383873,0.53418046,0
2024-03-01,Static_MinVar_Top10,PFE,0.14336137218003137,0.0424972133882857,0.5296379,0
2024-03-01,Static_MinVar_Top10,VRSK,0.10715625993037901,-0.0351132313552833,0.5348731,0
2024-03-01,Static_ScoreMV_Top10,BRK-B,0.24999999999999994,0.0321535391576426,0.555394,0
2024-03-01,Static_ScoreMV_Top10,C,0.0,0.1413667721170599,0.5319039,0
2024-03-01,Static_ScoreMV_Top10,DD,0.0375063111231719,0.1098335300283681,0.54153603,0
2024-03-01,Static_ScoreMV_Top10,HAL,0.16189472195852397,0.125810711310496,0.5495327,0
2024-03-01,Static_ScoreMV_Top10,HUM,0.24999999999999972,0.0008950432390786,0.57191855,0
2024-03-01,Static_ScoreMV_Top10,MMM,0.24999999999999983,0.2241225774379487,0.55363417,0
2024-03-01,Static_ScoreMV_Top10,O,0.05059896691830456,0.0282684653918174,0.53614104,0
2024-03-01,Static_ScoreMV_Top10,PANW,0.0,-0.0759920004383873,0.53418046,0
2024-03-01,Static_ScoreMV_Top10,PFE,4.142955673430536e-17,0.0424972133882857,0.5296379,0
2024-03-01,Static_ScoreMV_Top10,VRSK,6.73510349243185e-17,-0.0351132313552833,0.5348731,0
2024-04-01,EqualWeight_Top10,ADP,0.1,-0.0055440842744388,0.55057794,0
2024-04-01,EqualWeight_Top10,BIIB,0.1,0.0031187365043743,0.565303,0
2024-04-01,EqualWeight_Top10,CHTR,0.1,-0.0858348923271299,0.56028074,0
2024-04-01,EqualWeight_Top10,EA,0.1,-0.0407979336307351,0.5412329,0
2024-04-01,EqualWeight_Top10,GILD,0.1,-0.0952248728571064,0.57273203,0
2024-04-01,EqualWeight_Top10,HPQ,0.1,-0.0694535465172556,0.53747827,0
2024-04-01,EqualWeight_Top10,HUM,0.1,-0.1374305595012855,0.6113637,0
2024-04-01,EqualWeight_Top10,JNJ,0.1,-0.0694639629555393,0.5372343,0
2024-04-01,EqualWeight_Top10,PAYX,0.1,-0.0066600823691918,0.53861004,0
2024-04-01,EqualWeight_Top10,VRSK,0.1,-0.0469542440320069,0.5932508,0
2024-04-01,HMM_MinVar_Top10,ADP,0.07388365109730412,-0.0055440842744388,0.55057794,0
2024-04-01,HMM_MinVar_Top10,BIIB,0.04615303025139612,0.0031187365043743,0.565303,0
2024-04-01,HMM_MinVar_Top10,CHTR,0.010827904534601862,-0.0858348923271299,0.56028074,0
2024-04-01,HMM_MinVar_Top10,EA,0.19083001461746887,-0.0407979336307351,0.5412329,0
2024-04-01,HMM_MinVar_Top10,GILD,0.12513869572285,-0.0952248728571064,0.57273203,0
2024-04-01,HMM_MinVar_Top10,HPQ,0.06536709000049784,-0.0694535465172556,0.53747827,0
2024-04-01,HMM_MinVar_Top10,HUM,0.07044489929900427,-0.1374305595012855,0.6113637,0
2024-04-01,HMM_MinVar_Top10,JNJ,0.25,-0.0694639629555393,0.5372343,0
2024-04-01,HMM_MinVar_Top10,PAYX,0.03148159757626591,-0.0066600823691918,0.53861004,0
2024-04-01,HMM_MinVar_Top10,VRSK,0.13587311690061102,-0.0469542440320069,0.5932508,0
2024-04-01,HMM_ScoreMV_Top10,ADP,1.5326790312596965e-17,-0.0055440842744388,0.55057794,0
2024-04-01,HMM_ScoreMV_Top10,BIIB,0.19009318431273656,0.0031187365043743,0.565303,0
2024-04-01,HMM_ScoreMV_Top10,CHTR,0.05990681568726345,-0.0858348923271299,0.56028074,0
2024-04-01,HMM_ScoreMV_Top10,EA,0.0,-0.0407979336307351,0.5412329,0
2024-04-01,HMM_ScoreMV_Top10,GILD,0.25,-0.0952248728571064,0.57273203,0
2024-04-01,HMM_ScoreMV_Top10,HPQ,0.0,-0.0694535465172556,0.53747827,0
2024-04-01,HMM_ScoreMV_Top10,HUM,0.25,-0.1374305595012855,0.6113637,0
2024-04-01,HMM_ScoreMV_Top10,JNJ,3.692507951992599e-17,-0.0694639629555393,0.5372343,0
2024-04-01,HMM_ScoreMV_Top10,PAYX,0.0,-0.0066600823691918,0.53861004,0
2024-04-01,HMM_ScoreMV_Top10,VRSK,0.25,-0.0469542440320069,0.5932508,0
2024-04-01,Static_MinVar_Top10,ADP,0.060873485660722725,-0.0055440842744388,0.55057794,0
2024-04-01,Static_MinVar_Top10,BIIB,0.0061922516280416,0.0031187365043743,0.565303,0
2024-04-01,Static_MinVar_Top10,CHTR,0.018662962073199056,-0.0858348923271299,0.56028074,0
2024-04-01,Static_MinVar_Top10,EA,0.19792550156748773,-0.0407979336307351,0.5412329,0
2024-04-01,Static_MinVar_Top10,GILD,0.17726802269224803,-0.0952248728571064,0.57273203,0
2024-04-01,Static_MinVar_Top10,HPQ,0.039022345259594915,-0.0694535465172556,0.53747827,0
2024-04-01,Static_MinVar_Top10,HUM,0.10720504344410071,-0.1374305595012855,0.6113637,0
2024-04-01,Static_MinVar_Top10,JNJ,0.25,-0.0694639629555393,0.5372343,0
2024-04-01,Static_MinVar_Top10,PAYX,0.032175619819131966,-0.0066600823691918,0.53861004,0
2024-04-01,Static_MinVar_Top10,VRSK,0.11067476785547335,-0.0469542440320069,0.5932508,0
2024-04-01,Static_ScoreMV_Top10,ADP,0.005444998662213396,-0.0055440842744388,0.55057794,0
2024-04-01,Static_ScoreMV_Top10,BIIB,0.11419692176904085,0.0031187365043743,0.565303,0
2024-04-01,Static_ScoreMV_Top10,CHTR,0.13035807956874557,-0.0858348923271299,0.56028074,0
2024-04-01,Static_ScoreMV_Top10,EA,0.0,-0.0407979336307351,0.5412329,0
2024-04-01,Static_ScoreMV_Top10,GILD,0.24999999999999992,-0.0952248728571064,0.57273203,0
2024-04-01,Static_ScoreMV_Top10,HPQ,0.0,-0.0694535465172556,0.53747827,0
2024-04-01,Static_ScoreMV_Top10,HUM,0.25000000000000006,-0.1374305595012855,0.6113637,0
2024-04-01,Static_ScoreMV_Top10,JNJ,2.32248485356038e-16,-0.0694639629555393,0.5372343,0
2024-04-01,Static_ScoreMV_Top10,PAYX,0.0,-0.0066600823691918,0.53861004,0
2024-04-01,Static_ScoreMV_Top10,VRSK,0.25000000000000006,-0.0469542440320069,0.5932508,0
2024-05-01,EqualWeight_Top10,ADP,0.1,-0.0259571239906304,0.5145369,0
2024-05-01,EqualWeight_Top10,BDX,0.1,-0.0296938817545109,0.5184285,0
2024-05-01,EqualWeight_Top10,BIIB,0.1,0.0182297800045974,0.54038626,0
2024-05-01,EqualWeight_Top10,GILD,0.1,-0.0218286713537746,0.5166641,0
2024-05-01,EqualWeight_Top10,MNST,0.1,-0.0429585206897804,0.5169741,0
2024-05-01,EqualWeight_Top10,MRK,0.1,-0.033152216053274,0.5207791,0
2024-05-01,EqualWeight_Top10,NFLX,0.1,0.173913780003204,0.5260141,0
2024-05-01,EqualWeight_Top10,NOW,0.1,-0.0617259785229435,0.51800096,0
2024-05-01,EqualWeight_Top10,PANW,0.1,0.0203243419374976,0.52273506,0
2024-05-01,EqualWeight_Top10,YUM,0.1,0.001275466348271,0.52109325,0
2024-05-01,HMM_MinVar_Top10,ADP,0.1731357855240404,-0.0259571239906304,0.5145369,0
2024-05-01,HMM_MinVar_Top10,BDX,0.13730588207367395,-0.0296938817545109,0.5184285,0
2024-05-01,HMM_MinVar_Top10,BIIB,0.022157862492158086,0.0182297800045974,0.54038626,0
2024-05-01,HMM_MinVar_Top10,GILD,0.11900620779435188,-0.0218286713537746,0.5166641,0
2024-05-01,HMM_MinVar_Top10,MNST,0.07683167921956195,-0.0429585206897804,0.5169741,0
2024-05-01,HMM_MinVar_Top10,MRK,0.21235817017854058,-0.033152216053274,0.5207791,0
2024-05-01,HMM_MinVar_Top10,NFLX,0.02980051341682485,0.173913780003204,0.5260141,0
2024-05-01,HMM_MinVar_Top10,NOW,0.0,-0.0617259785229435,0.51800096,0
2024-05-01,HMM_MinVar_Top10,PANW,0.03489769972608382,0.0203243419374976,0.52273506,0
2024-05-01,HMM_MinVar_Top10,YUM,0.19450619957476453,0.001275466348271,0.52109325,0
2024-05-01,HMM_ScoreMV_Top10,ADP,0.0,-0.0259571239906304,0.5145369,0
2024-05-01,HMM_ScoreMV_Top10,BDX,0.05632308343909982,-0.0296938817545109,0.5184285,0
2024-05-01,HMM_ScoreMV_Top10,BIIB,0.24999999999999986,0.0182297800045974,0.54038626,0
2024-05-01,HMM_ScoreMV_Top10,GILD,0.0,-0.0218286713537746,0.5166641,0
2024-05-01,HMM_ScoreMV_Top10,MNST,1.3477606326936666e-17,-0.0429585206897804,0.5169741,0
2024-05-01,HMM_ScoreMV_Top10,MRK,0.25,-0.033152216053274,0.5207791,0
2024-05-01,HMM_ScoreMV_Top10,NFLX,0.11572307719675475,0.173913780003204,0.5260141,0
2024-05-01,HMM_ScoreMV_Top10,NOW,7.123448729492069e-17,-0.0617259785229435,0.51800096,0
2024-05-01,HMM_ScoreMV_Top10,PANW,0.07795383936414547,0.0203243419374976,0.52273506,0
2024-05-01,HMM_ScoreMV_Top10,YUM,0.25,0.001275466348271,0.52109325,0
2024-05-01,Static_MinVar_Top10,ADP,0.08695951450719522,-0.0259571239906304,0.5145369,0
2024-05-01,Static_MinVar_Top10,BDX,0.1839676761155909,-0.0296938817545109,0.5184285,0
2024-05-01,Static_MinVar_Top10,BIIB,0.0014850099374371707,0.0182297800045974,0.54038626,0
2024-05-01,Static_MinVar_Top10,GILD,0.13928263868414123,-0.0218286713537746,0.5166641,0
2024-05-01,Static_MinVar_Top10,MNST,0.07434539530949853,-0.0429585206897804,0.5169741,0
2024-05-01,Static_MinVar_Top10,MRK,0.24525482743235835,-0.033152216053274,0.5207791,0
2024-05-01,Static_MinVar_Top10,NFLX,0.010275127067155158,0.173913780003204,0.5260141,0
2024-05-01,Static_MinVar_Top10,NOW,1.282889624441547e-18,-0.0617259785229435,0.51800096,0
2024-05-01,Static_MinVar_Top10,PANW,0.03538588237316898,0.0203243419374976,0.52273506,0
2024-05-01,Static_MinVar_Top10,YUM,0.22304392857345434,0.001275466348271,0.52109325,0
2024-05-01,Static_ScoreMV_Top10,ADP,2.9791480799775644e-17,-0.0259571239906304,0.5145369,0
2024-05-01,Static_ScoreMV_Top10,BDX,0.05250319813168294,-0.0296938817545109,0.5184285,0
2024-05-01,Static_ScoreMV_Top10,BIIB,0.24999999999999997,0.0182297800045974,0.54038626,0
2024-05-01,Static_ScoreMV_Top10,GILD,2.0666865285693424e-17,-0.0218286713537746,0.5166641,0
2024-05-01,Static_ScoreMV_Top10,MNST,0.0,-0.0429585206897804,0.5169741,0
2024-05-01,Static_ScoreMV_Top10,MRK,0.25000000000000006,-0.033152216053274,0.5207791,0
2024-05-01,Static_ScoreMV_Top10,NFLX,0.11225038937223042,0.173913780003204,0.5260141,0
2024-05-01,Static_ScoreMV_Top10,NOW,0.0,-0.0617259785229435,0.51800096,0
2024-05-01,Static_ScoreMV_Top10,PANW,0.08524641249608664,0.0203243419374976,0.52273506,0
2024-05-01,Static_ScoreMV_Top10,YUM,0.25000000000000006,0.001275466348271,0.52109325,0
2024-06-03,EqualWeight_Top10,BRK-B,0.1,-0.0185395074205926,0.537309,0
2024-06-03,EqualWeight_Top10,C,0.1,0.0445736033191856,0.5261396,0
2024-06-03,EqualWeight_Top10,EQIX,0.1,0.0065470373278158,0.54322153,0
2024-06-03,EqualWeight_Top10,GILD,0.1,0.0915780580444318,0.52545303,0
2024-06-03,EqualWeight_Top10,KHC,0.1,-0.0776777777317467,0.53104657,0
2024-06-03,EqualWeight_Top10,MCD,0.1,-0.0460443690168319,0.54058367,0
2024-06-03,EqualWeight_Top10,PANW,0.1,0.1560716848017638,0.52116495,0
2024-06-03,EqualWeight_Top10,PPG,0.1,-0.0514962427982397,0.5185804,0
2024-06-03,EqualWeight_Top10,URI,0.1,0.0131292042794415,0.5383521,0
2024-06-03,EqualWeight_Top10,YUM,0.1,-0.0667480409010802,0.5178296,0
2024-06-03,HMM_MinVar_Top10,BRK-B,0.25,-0.0185395074205926,0.537309,0
2024-06-03,HMM_MinVar_Top10,C,0.05924594863014357,0.0445736033191856,0.5261396,0
2024-06-03,HMM_MinVar_Top10,EQIX,0.05696730787453539,0.0065470373278158,0.54322153,0
2024-06-03,HMM_MinVar_Top10,GILD,0.11665519121494626,0.0915780580444318,0.52545303,0
2024-06-03,HMM_MinVar_Top10,KHC,0.15338607418872627,-0.0776777777317467,0.53104657,0
2024-06-03,HMM_MinVar_Top10,MCD,0.1837489019728695,-0.0460443690168319,0.54058367,0
2024-06-03,HMM_MinVar_Top10,PANW,0.04247599793340706,0.1560716848017638,0.52116495,0
2024-06-03,HMM_MinVar_Top10,PPG,0.05246946112939336,-0.0514962427982397,0.5185804,0
2024-06-03,HMM_MinVar_Top10,URI,4.555451683978077e-18,0.0131292042794415,0.5383521,0
2024-06-03,HMM_MinVar_Top10,YUM,0.08505111705597854,-0.0667480409010802,0.5178296,0
2024-06-03,HMM_ScoreMV_Top10,BRK-B,0.24999999999999992,-0.0185395074205926,0.537309,0
2024-06-03,HMM_ScoreMV_Top10,C,0.0,0.0445736033191856,0.5261396,0
2024-06-03,HMM_ScoreMV_Top10,EQIX,0.24999999999999994,0.0065470373278158,0.54322153,0
2024-06-03,HMM_ScoreMV_Top10,GILD,3.649302818683674e-17,0.0915780580444318,0.52545303,0
2024-06-03,HMM_ScoreMV_Top10,KHC,0.09739977213727802,-0.0776777777317467,0.53104657,0
2024-06-03,HMM_ScoreMV_Top10,MCD,0.25,-0.0460443690168319,0.54058367,0
2024-06-03,HMM_ScoreMV_Top10,PANW,4.707992116674839e-17,0.1560716848017638,0.52116495,0
2024-06-03,HMM_ScoreMV_Top10,PPG,4.722816426546666e-17,-0.0514962427982397,0.5185804,0
2024-06-03,HMM_ScoreMV_Top10,URI,0.15260022786272195,0.0131292042794415,0.5383521,0
2024-06-03,HMM_ScoreMV_Top10,YUM,6.38359524187402e-17,-0.0667480409010802,0.5178296,0
2024-06-03,Static_MinVar_Top10,BRK-B,0.25000000000000006,-0.0185395074205926,0.537309,0
2024-06-03,Static_MinVar_Top10,C,0.008192121001463383,0.0445736033191856,0.5261396,0
2024-06-03,Static_MinVar_Top10,EQIX,0.02883406791956883,0.0065470373278158,0.54322153,0
2024-06-03,Static_MinVar_Top10,GILD,0.1340131917366861,0.0915780580444318,0.52545303,0
2024-06-03,Static_MinVar_Top10,KHC,0.17982378202516697,-0.0776777777317467,0.53104657,0
2024-06-03,Static_MinVar_Top10,MCD,0.2451547416197932,-0.0460443690168319,0.54058367,0
2024-06-03,Static_MinVar_Top10,PANW,0.03703159938054104,0.1560716848017638,0.52116495,0
2024-06-03,Static_MinVar_Top10,PPG,5.520951184927516e-18,-0.0514962427982397,0.5185804,0
2024-06-03,Static_MinVar_Top10,URI,3.6313252817494055e-18,0.0131292042794415,0.5383521,0
2024-06-03,Static_MinVar_Top10,YUM,0.11695049631678049,-0.0667480409010802,0.5178296,0
2024-06-03,Static_ScoreMV_Top10,BRK-B,0.25000000000000006,-0.0185395074205926,0.537309,0
2024-06-03,Static_ScoreMV_Top10,C,0.0,0.0445736033191856,0.5261396,0
2024-06-03,Static_ScoreMV_Top10,EQIX,0.25,0.0065470373278158,0.54322153,0
2024-06-03,Static_ScoreMV_Top10,GILD,0.0,0.0915780580444318,0.52545303,0
2024-06-03,Static_ScoreMV_Top10,KHC,0.11605390310686774,-0.0776777777317467,0.53104657,0
2024-06-03,Static_ScoreMV_Top10,MCD,0.25000000000000006,-0.0460443690168319,0.54058367,0
2024-06-03,Static_ScoreMV_Top10,PANW,0.0,0.1560716848017638,0.52116495,0
2024-06-03,Static_ScoreMV_Top10,PPG,1.035789598418607e-17,-0.0514962427982397,0.5185804,0
2024-06-03,Static_ScoreMV_Top10,URI,0.13394609689313222,0.0131292042794415,0.5383521,0
2024-06-03,Static_ScoreMV_Top10,YUM,4.311243898811334e-17,-0.0667480409010802,0.5178296,0
2024-07-01,EqualWeight_Top10,BRK-B,0.1,0.0890199834815388,0.543413,1
2024-07-01,EqualWeight_Top10,CMG,0.1,-0.1494903975598281,0.5370481,1
2024-07-01,EqualWeight_Top10,EQIX,0.1,0.011965536692599,0.5369939,1
2024-07-01,EqualWeight_Top10,GEHC,0.1,0.0841937912035923,0.5418006,1
2024-07-01,EqualWeight_Top10,ITW,0.1,0.0682489789236666,0.5398511,1
2024-07-01,EqualWeight_Top10,JNJ,0.1,0.101679559358099,0.54588395,1
2024-07-01,EqualWeight_Top10,MCD,0.1,0.0658025866979303,0.5506428,1
2024-07-01,EqualWeight_Top10,NEM,0.1,0.1382954176427382,0.54823893,1
2024-07-01,EqualWeight_Top10,O,0.1,0.1147822856735831,0.5469375,1
2024-07-01,EqualWeight_Top10,PPG,0.1,0.0260526978188273,0.5402909,1
2024-07-01,HMM_MinVar_Top10,BRK-B,0.19784148860777678,0.0890199834815388,0.543413,1
2024-07-01,HMM_MinVar_Top10,CMG,0.06407194848764436,-0.1494903975598281,0.5370481,1
2024-07-01,HMM_MinVar_Top10,EQIX,0.0,0.011965536692599,0.5369939,1
2024-07-01,HMM_MinVar_Top10,GEHC,0.024471096895824725,0.0841937912035923,0.5418006,1
2024-07-01,HMM_MinVar_Top10,ITW,0.053396159541032294,0.0682489789236666,0.5398511,1
2024-07-01,HMM_MinVar_Top10,JNJ,0.25000000000000006,0.101679559358099,0.54588395,1
2024-07-01,HMM_MinVar_Top10,MCD,0.25000000000000006,0.0658025866979303,0.5506428,1
2024-07-01,HMM_MinVar_Top10,NEM,0.06739913521820604,0.1382954176427382,0.54823893,1
2024-07-01,HMM_MinVar_Top10,O,0.09282017124951583,0.1147822856735831,0.5469375,1
2024-07-01,HMM_MinVar_Top10,PPG,0.0,0.0260526978188273,0.5402909,1
2024-07-01,HMM_ScoreMV_Top10,BRK-B,7.112366251504909e-17,0.0890199834815388,0.543413,1
2024-07-01,HMM_ScoreMV_Top10,CMG,3.306353280960951e-17,-0.1494903975598281,0.5370481,1
2024-07-01,HMM_ScoreMV_Top10,EQIX,0.0,0.011965536692599,0.5369939,1
2024-07-01,HMM_ScoreMV_Top10,GEHC,1.2144874080415308e-16,0.0841937912035923,0.5418006,1
2024-07-01,HMM_ScoreMV_Top10,ITW,7.41882998795324e-18,0.0682489789236666,0.5398511,1
2024-07-01,HMM_ScoreMV_Top10,JNJ,0.2499999999999998,0.101679559358099,0.54588395,1
2024-07-01,HMM_ScoreMV_Top10,MCD,0.24999999999999994,0.0658025866979303,0.5506428,1
2024-07-01,HMM_ScoreMV_Top10,NEM,0.24999999999999986,0.1382954176427382,0.54823893,1
2024-07-01,HMM_ScoreMV_Top10,O,0.24999999999999997,0.1147822856735831,0.5469375,1
2024-07-01,HMM_ScoreMV_Top10,PPG,2.8670153154802167e-16,0.0260526978188273,0.5402909,1
2024-07-01,Static_MinVar_Top10,BRK-B,0.25,0.0890199834815388,0.543413,1
2024-07-01,Static_MinVar_Top10,CMG,0.10672369474511759,-0.1494903975598281,0.5370481,1
2024-07-01,Static_MinVar_Top10,EQIX,2.0240728388181133e-19,0.011965536692599,0.5369939,1
2024-07-01,Static_MinVar_Top10,GEHC,0.004054111725507121,0.0841937912035923,0.5418006,1
2024-07-01,Static_MinVar_Top10,ITW,0.09569219705812332,0.0682489789236666,0.5398511,1
2024-07-01,Static_MinVar_Top10,JNJ,0.24157128304701528,0.101679559358099,0.54588395,1
2024-07-01,Static_MinVar_Top10,MCD,0.19553253510315308,0.0658025866979303,0.5506428,1
2024-07-01,Static_MinVar_Top10,NEM,0.04364233757153047,0.1382954176427382,0.54823893,1
2024-07-01,Static_MinVar_Top10,O,0.0627838407495532,0.1147822856735831,0.5469375,1
2024-07-01,Static_MinVar_Top10,PPG,0.0,0.0260526978188273,0.5402909,1
2024-07-01,Static_ScoreMV_Top10,BRK-B,0.0,0.0890199834815388,0.543413,1
2024-07-01,Static_ScoreMV_Top10,CMG,1.0279957339842207e-16,-0.1494903975598281,0.5370481,1
2024-07-01,Static_ScoreMV_Top10,EQIX,5.652685878161009e-17,0.011965536692599,0.5369939,1
2024-07-01,Static_ScoreMV_Top10,GEHC,1.9401547737013974e-17,0.0841937912035923,0.5418006,1
2024-07-01,Static_ScoreMV_Top10,ITW,4.68877917603132e-17,0.0682489789236666,0.5398511,1
2024-07-01,Static_ScoreMV_Top10,JNJ,0.25,0.101679559358099,0.54588395,1
2024-07-01,Static_ScoreMV_Top10,MCD,0.24999999999999986,0.0658025866979303,0.5506428,1
2024-07-01,Static_ScoreMV_Top10,NEM,0.24999999999999972,0.1382954176427382,0.54823893,1
2024-07-01,Static_ScoreMV_Top10,O,0.25,0.1147822856735831,0.5469375,1
2024-07-01,Static_ScoreMV_Top10,PPG,1.0497977550609417e-16,0.0260526978188273,0.5402909,1
2024-08-01,EqualWeight_Top10,APH,0.1,0.0751770548495658,0.5383755,2
2024-08-01,EqualWeight_Top10,BRK-B,0.1,0.084666862197031,0.51764274,2
2024-08-01,EqualWeight_Top10,DOW,0.1,0.0108860933032639,0.5117394,2
2024-08-01,EqualWeight_Top10,GLW,0.1,0.0457042467771153,0.50843614,2
2024-08-01,EqualWeight_Top10,HPQ,0.1,0.008245574964403,0.51093525,2
2024-08-01,EqualWeight_Top10,NFLX,0.1,0.1082339829114262,0.52899367,2
2024-08-01,EqualWeight_Top10,PCAR,0.1,-0.0139766579844993,0.51086575,2
2024-08-01,EqualWeight_Top10,PPG,0.1,0.0293847470077521,0.5101284,2
2024-08-01,EqualWeight_Top10,TJX,0.1,0.0362035468911732,0.51047987,2
2024-08-01,EqualWeight_Top10,UBER,0.1,0.1838740957363975,0.5210546,2
2024-08-01,HMM_MinVar_Top10,APH,0.19092774274464389,0.0751770548495658,0.5383755,2
2024-08-01,HMM_MinVar_Top10,BRK-B,0.25000000000000006,0.084666862197031,0.51764274,2
2024-08-01,HMM_MinVar_Top10,DOW,0.05148778659406751,0.0108860933032639,0.5117394,2
2024-08-01,HMM_MinVar_Top10,GLW,0.10450736557998667,0.0457042467771153,0.50843614,2
2024-08-01,HMM_MinVar_Top10,HPQ,4.496479877141393e-19,0.008245574964403,0.51093525,2
2024-08-01,HMM_MinVar_Top10,NFLX,0.0,0.1082339829114262,0.52899367,2
2024-08-01,HMM_MinVar_Top10,PCAR,0.19847803924672977,-0.0139766579844993,0.51086575,2
2024-08-01,HMM_MinVar_Top10,PPG,1.2054698636099107e-17,0.0293847470077521,0.5101284,2
2024-08-01,HMM_MinVar_Top10,TJX,0.20459906583457224,0.0362035468911732,0.51047987,2
2024-08-01,HMM_MinVar_Top10,UBER,6.2709513493802326e-18,0.1838740957363975,0.5210546,2
2024-08-01,HMM_ScoreMV_Top10,APH,0.24999999999999992,0.0751770548495658,0.5383755,2
2024-08-01,HMM_ScoreMV_Top10,BRK-B,0.24999999999999983,0.084666862197031,0.51764274,2
2024-08-01,HMM_ScoreMV_Top10,DOW,0.029606967477559785,0.0108860933032639,0.5117394,2
2024-08-01,HMM_ScoreMV_Top10,GLW,0.0,0.0457042467771153,0.50843614,2
2024-08-01,HMM_ScoreMV_Top10,HPQ,4.9108292771211683e-17,0.008245574964403,0.51093525,2
2024-08-01,HMM_ScoreMV_Top10,NFLX,0.24412078201641116,0.1082339829114262,0.52899367,2
2024-08-01,HMM_ScoreMV_Top10,PCAR,0.1409448714129798,-0.0139766579844993,0.51086575,2
2024-08-01,HMM_ScoreMV_Top10,PPG,4.8568928790089007e-17,0.0293847470077521,0.5101284,2
2024-08-01,HMM_ScoreMV_Top10,TJX,0.030234167626230626,0.0362035468911732,0.51047987,2
2024-08-01,HMM_ScoreMV_Top10,UBER,0.05509321146681879,0.1838740957363975,0.5210546,2
2024-08-01,Static_MinVar_Top10,APH,0.14111157392413284,0.0751770548495658,0.5383755,2
2024-08-01,Static_MinVar_Top10,BRK-B,0.25000000000000006,0.084666862197031,0.51764274,2
2024-08-01,Static_MinVar_Top10,DOW,0.14213489399094492,0.0108860933032639,0.5117394,2
2024-08-01,Static_MinVar_Top10,GLW,0.07143540553120313,0.0457042467771153,0.50843614,2
2024-08-01,Static_MinVar_Top10,HPQ,0.005356433386739287,0.008245574964403,0.51093525,2
2024-08-01,Static_MinVar_Top10,NFLX,0.01046965602327163,0.1082339829114262,0.52899367,2
2024-08-01,Static_MinVar_Top10,PCAR,0.1588420195786141,-0.0139766579844993,0.51086575,2
2024-08-01,Static_MinVar_Top10,PPG,0.0037241172046056205,0.0293847470077521,0.5101284,2
2024-08-01,Static_MinVar_Top10,TJX,0.21692590036048862,0.0362035468911732,0.51047987,2
2024-08-01,Static_MinVar_Top10,UBER,5.430676238418089e-18,0.1838740957363975,0.5210546,2
2024-08-01,Static_ScoreMV_Top10,APH,0.24999999999999978,0.0751770548495658,0.5383755,2
2024-08-01,Static_ScoreMV_Top10,BRK-B,0.25,0.084666862197031,0.51764274,2
2024-08-01,Static_ScoreMV_Top10,DOW,0.10829099236013279,0.0108860933032639,0.5117394,2
2024-08-01,Static_ScoreMV_Top10,GLW,0.0,0.0457042467771153,0.50843614,2
2024-08-01,Static_ScoreMV_Top10,HPQ,8.242247588808128e-17,0.008245574964403,0.51093525,2
2024-08-01,Static_ScoreMV_Top10,NFLX,0.24999999999999972,0.1082339829114262,0.52899367,2
2024-08-01,Static_ScoreMV_Top10,PCAR,0.04939612876831372,-0.0139766579844993,0.51086575,2
2024-08-01,Static_ScoreMV_Top10,PPG,0.0,0.0293847470077521,0.5101284,2
2024-08-01,Static_ScoreMV_Top10,TJX,0.015672268566242053,0.0362035468911732,0.51047987,2
2024-08-01,Static_ScoreMV_Top10,UBER,0.07664061030531194,0.1838740957363975,0.5210546,2
2024-09-03,EqualWeight_Top10,APH,0.1,0.0303075380521329,0.54709566,1
2024-09-03,EqualWeight_Top10,BIIB,0.1,-0.0685412689764619,0.5238765,1
2024-09-03,EqualWeight_Top10,CDNS,0.1,0.0274699882099835,0.5347246,1
2024-09-03,EqualWeight_Top10,CMG,0.1,0.0681987608363738,0.526093,1
2024-09-03,EqualWeight_Top10,GLW,0.1,0.0951559941381554,0.5312349,1
2024-09-03,EqualWeight_Top10,IR,0.1,0.1094756968465171,0.51952034,1
2024-09-03,EqualWeight_Top10,LRCX,0.1,0.0445142707249652,0.5333811,1
2024-09-03,EqualWeight_Top10,MMM,0.1,0.0474585666009894,0.5347025,1
2024-09-03,EqualWeight_Top10,NOW,0.1,0.0374704357077504,0.53119123,1
2024-09-03,EqualWeight_Top10,UBER,0.1,0.0326888092095249,0.5200506,1
2024-09-03,HMM_MinVar_Top10,APH,0.14686112644898922,0.0303075380521329,0.54709566,1
2024-09-03,HMM_MinVar_Top10,BIIB,0.25,-0.0685412689764619,0.5238765,1
2024-09-03,HMM_MinVar_Top10,CDNS,0.013191457399028423,0.0274699882099835,0.5347246,1
2024-09-03,HMM_MinVar_Top10,CMG,0.2111934895687377,0.0681987608363738,0.526093,1
2024-09-03,HMM_MinVar_Top10,GLW,0.12605439461144233,0.0951559941381554,0.5312349,1
2024-09-03,HMM_MinVar_Top10,IR,0.1036402323302895,0.1094756968465171,0.51952034,1
2024-09-03,HMM_MinVar_Top10,LRCX,0.0,0.0445142707249652,0.5333811,1
2024-09-03,HMM_MinVar_Top10,MMM,0.13133230064002221,0.0474585666009894,0.5347025,1
2024-09-03,HMM_MinVar_Top10,NOW,0.01772699900149071,0.0374704357077504,0.53119123,1
2024-09-03,HMM_MinVar_Top10,UBER,1.4577067968996462e-18,0.0326888092095249,0.5200506,1
2024-09-03,HMM_ScoreMV_Top10,APH,0.2499999999999999,0.0303075380521329,0.54709566,1
2024-09-03,HMM_ScoreMV_Top10,BIIB,0.0,-0.0685412689764619,0.5238765,1
2024-09-03,HMM_ScoreMV_Top10,CDNS,0.24999999999999983,0.0274699882099835,0.5347246,1
2024-09-03,HMM_ScoreMV_Top10,CMG,0.0,0.0681987608363738,0.526093,1
2024-09-03,HMM_ScoreMV_Top10,GLW,0.19509900879559025,0.0951559941381554,0.5312349,1
2024-09-03,HMM_ScoreMV_Top10,IR,0.0,0.1094756968465171,0.51952034,1
2024-09-03,HMM_ScoreMV_Top10,LRCX,2.1295989857292635e-16,0.0445142707249652,0.5333811,1
2024-09-03,HMM_ScoreMV_Top10,MMM,0.2499999999999998,0.0474585666009894,0.5347025,1
2024-09-03,HMM_ScoreMV_Top10,NOW,0.05490099120440999,0.0374704357077504,0.53119123,1
2024-09-03,HMM_ScoreMV_Top10,UBER,0.0,0.0326888092095249,0.5200506,1
2024-09-03,Static_MinVar_Top10,APH,0.20146382148706704,0.0303075380521329,0.54709566,1
2024-09-03,Static_MinVar_Top10,BIIB,0.1376646511496121,-0.0685412689764619,0.5238765,1
2024-09-03,Static_MinVar_Top10,CDNS,0.020923618876500672,0.0274699882099835,0.5347246,1
2024-09-03,Static_MinVar_Top10,CMG,0.15947643998753816,0.0681987608363738,0.526093,1
2024-09-03,Static_MinVar_Top10,GLW,0.18444237044422646,0.0951559941381554,0.5312349,1
2024-09-03,Static_MinVar_Top10,IR,0.06385476982546213,0.1094756968465171,0.51952034,1
2024-09-03,Static_MinVar_Top10,LRCX,4.880097360220361e-18,0.0445142707249652,0.5333811,1
2024-09-03,Static_MinVar_Top10,MMM,0.23217432822959352,0.0474585666009894,0.5347025,1
2024-09-03,Static_MinVar_Top10,NOW,0.0,0.0374704357077504,0.53119123,1
2024-09-03,Static_MinVar_Top10,UBER,1.1938099737696456e-18,0.0326888092095249,0.5200506,1
2024-09-03,Static_ScoreMV_Top10,APH,0.24999999999999975,0.0303075380521329,0.54709566,1
2024-09-03,Static_ScoreMV_Top10,BIIB,9.778448931147233e-17,-0.0685412689764619,0.5238765,1
2024-09-03,Static_ScoreMV_Top10,CDNS,0.24999999999999994,0.0274699882099835,0.5347246,1
2024-09-03,Static_ScoreMV_Top10,CMG,0.0,0.0681987608363738,0.526093,1
2024-09-03,Static_ScoreMV_Top10,GLW,0.24999999999999986,0.0951559941381554,0.5312349,1
2024-09-03,Static_ScoreMV_Top10,IR,2.1763866467435674e-17,0.1094756968465171,0.51952034,1
2024-09-03,Static_ScoreMV_Top10,LRCX,4.3272864154071085e-16,0.0445142707249652,0.5333811,1
2024-09-03,Static_ScoreMV_Top10,MMM,0.24999999999999986,0.0474585666009894,0.5347025,1
2024-09-03,Static_ScoreMV_Top10,NOW,0.0,0.0374704357077504,0.53119123,1
2024-09-03,Static_ScoreMV_Top10,UBER,2.7956961314140875e-16,0.0326888092095249,0.5200506,1
2024-10-01,EqualWeight_Top10,APH,0.1,0.0826784079464373,0.5286462,0
2024-10-01,EqualWeight_Top10,BRK-B,0.1,-0.0060995792015577,0.51854646,0
2024-10-01,EqualWeight_Top10,CDNS,0.1,0.0802445856565532,0.5422452,0
2024-10-01,EqualWeight_Top10,DLTR,0.1,-0.0843271186191012,0.5421874,0
2024-10-01,EqualWeight_Top10,HPQ,0.1,0.0661681664426205,0.5154413,0
2024-10-01,EqualWeight_Top10,LRCX,0.1,-0.0179087306250511,0.5153033,0
2024-10-01,EqualWeight_Top10,MMM,0.1,-0.0568361300719968,0.5200676,0
2024-10-01,EqualWeight_Top10,NFLX,0.1,0.0754960327428773,0.5149326,0
2024-10-01,EqualWeight_Top10,NOW,0.1,0.0990566676831214,0.516878,0
2024-10-01,EqualWeight_Top10,SCHW,0.1,0.1248629951667394,0.5295072,0
2024-10-01,HMM_MinVar_Top10,APH,0.2474571946673513,0.0826784079464373,0.5286462,0
2024-10-01,HMM_MinVar_Top10,BRK-B,0.25,-0.0060995792015577,0.51854646,0
2024-10-01,HMM_MinVar_Top10,CDNS,0.032440764869863865,0.0802445856565532,0.5422452,0
2024-10-01,HMM_MinVar_Top10,DLTR,0.11017374281087366,-0.0843271186191012,0.5421874,0
2024-10-01,HMM_MinVar_Top10,HPQ,0.07106051648703908,0.0661681664426205,0.5154413,0
2024-10-01,HMM_MinVar_Top10,LRCX,0.0,-0.0179087306250511,0.5153033,0
2024-10-01,HMM_MinVar_Top10,MMM,0.15129452809751737,-0.0568361300719968,0.5200676,0
2024-10-01,HMM_MinVar_Top10,NFLX,0.018877362426024134,0.0754960327428773,0.5149326,0
2024-10-01,HMM_MinVar_Top10,NOW,0.04105900709736087,0.0990566676831214,0.516878,0
2024-10-01,HMM_MinVar_Top10,SCHW,0.07763688354396979,0.1248629951667394,0.5295072,0
2024-10-01,HMM_ScoreMV_Top10,APH,0.24999999999999994,0.0826784079464373,0.5286462,0
2024-10-01,HMM_ScoreMV_Top10,BRK-B,0.0,-0.0060995792015577,0.51854646,0
2024-10-01,HMM_ScoreMV_Top10,CDNS,0.24999999999999994,0.0802445856565532,0.5422452,0
2024-10-01,HMM_ScoreMV_Top10,DLTR,0.24999999999999994,-0.0843271186191012,0.5421874,0
2024-10-01,HMM_ScoreMV_Top10,HPQ,0.0,0.0661681664426205,0.5154413,0
2024-10-01,HMM_ScoreMV_Top10,LRCX,0.0,-0.0179087306250511,0.5153033,0
2024-10-01,HMM_ScoreMV_Top10,MMM,1.2443065849768347e-16,-0.0568361300719968,0.5200676,0
2024-10-01,HMM_ScoreMV_Top10,NFLX,2.3030440956006802e-17,0.0754960327428773,0.5149326,0
2024-10-01,HMM_ScoreMV_Top10,NOW,0.0,0.0990566676831214,0.516878,0
2024-10-01,HMM_ScoreMV_Top10,SCHW,0.2499999999999999,0.1248629951667394,0.5295072,0
2024-10-01,Static_MinVar_Top10,APH,0.21791970578916006,0.0826784079464373,0.5286462,0
2024-10-01,Static_MinVar_Top10,BRK-B,0.25000000000000006,-0.0060995792015577,0.51854646,0
2024-10-01,Static_MinVar_Top10,CDNS,0.06502029432823776,0.0802445856565532,0.5422452,0
2024-10-01,Static_MinVar_Top10,DLTR,0.11055958223178448,-0.0843271186191012,0.5421874,0
2024-10-01,Static_MinVar_Top10,HPQ,0.058592890310696304,0.0661681664426205,0.5154413,0
2024-10-01,Static_MinVar_Top10,LRCX,1.275473437455755e-18,-0.0179087306250511,0.5153033,0
2024-10-01,Static_MinVar_Top10,MMM,0.19624515651245167,-0.0568361300719968,0.5200676,0
2024-10-01,Static_MinVar_Top10,NFLX,0.016849344191289396,0.0754960327428773,0.5149326,0
2024-10-01,Static_MinVar_Top10,NOW,0.0055166532618411285,0.0990566676831214,0.516878,0
2024-10-01,Static_MinVar_Top10,SCHW,0.07929637337453921,0.1248629951667394,0.5295072,0
2024-10-01,Static_ScoreMV_Top10,APH,0.24999999999999994,0.0826784079464373,0.5286462,0
2024-10-01,Static_ScoreMV_Top10,BRK-B,1.3375116885088458e-16,-0.0060995792015577,0.51854646,0
2024-10-01,Static_ScoreMV_Top10,CDNS,0.2499999999999999,0.0802445856565532,0.5422452,0
2024-10-01,Static_ScoreMV_Top10,DLTR,0.24999999999999994,-0.0843271186191012,0.5421874,0
2024-10-01,Static_ScoreMV_Top10,HPQ,0.0,0.0661681664426205,0.5154413,0
2024-10-01,Static_ScoreMV_Top10,LRCX,0.0,-0.0179087306250511,0.5153033,0
2024-10-01,Static_ScoreMV_Top10,MMM,0.005453900362482969,-0.0568361300719968,0.5200676,0
2024-10-01,Static_ScoreMV_Top10,NFLX,0.0,0.0754960327428773,0.5149326,0
2024-10-01,Static_ScoreMV_Top10,NOW,0.0,0.0990566676831214,0.516878,0
2024-10-01,Static_ScoreMV_Top10,SCHW,0.24454609963751703,0.1248629951667394,0.5295072,0
2024-11-01,EqualWeight_Top10,BRK-B,0.1,0.0557127684074028,0.55362785,0
2024-11-01,EqualWeight_Top10,COR,0.1,0.0690052850997748,0.5194817,0
2024-11-01,EqualWeight_Top10,F,0.1,0.0889612196984219,0.52941036,0
2024-11-01,EqualWeight_Top10,GM,0.1,0.0800629537841668,0.5228282,0
2024-11-01,EqualWeight_Top10,KHC,0.1,-0.0441621444354231,0.52587944,0
2024-11-01,EqualWeight_Top10,MRK,0.1,-0.0124656437439526,0.5390126,0
2024-11-01,EqualWeight_Top10,PPG,0.1,0.0180350794769601,0.5379425,0
2024-11-01,EqualWeight_Top10,VLO,0.1,0.1012630574690236,0.5272575,0
2024-11-01,EqualWeight_Top10,VRSK,0.1,0.0625090801879113,0.5169442,0
2024-11-01,EqualWeight_Top10,YUM,0.1,0.055642054382307,0.5193502,0
2024-11-01,HMM_MinVar_Top10,BRK-B,0.2187658126224728,0.0557127684074028,0.55362785,0
2024-11-01,HMM_MinVar_Top10,COR,0.15561398277793154,0.0690052850997748,0.5194817,0
2024-11-01,HMM_MinVar_Top10,F,0.0,0.0889612196984219,0.52941036,0
2024-11-01,HMM_MinVar_Top10,GM,0.0,0.0800629537841668,0.5228282,0
2024-11-01,HMM_MinVar_Top10,KHC,0.14406564424784915,-0.0441621444354231,0.52587944,0
2024-11-01,HMM_MinVar_Top10,MRK,0.1079242056945789,-0.0124656437439526,0.5390126,0
2024-11-01,HMM_MinVar_Top10,PPG,0.06286151289989853,0.0180350794769601,0.5379425,0
2024-11-01,HMM_MinVar_Top10,VLO,0.03827834268177021,0.1012630574690236,0.5272575,0
2024-11-01,HMM_MinVar_Top10,VRSK,0.16007445039432072,0.0625090801879113,0.5169442,0
2024-11-01,HMM_MinVar_Top10,YUM,0.1124160486811782,0.055642054382307,0.5193502,0
2024-11-01,HMM_ScoreMV_Top10,BRK-B,0.25000000000000006,0.0557127684074028,0.55362785,0
2024-11-01,HMM_ScoreMV_Top10,COR,1.6786228005552512e-16,0.0690052850997748,0.5194817,0
2024-11-01,HMM_ScoreMV_Top10,F,0.033061814569064776,0.0889612196984219,0.52941036,0
2024-11-01,HMM_ScoreMV_Top10,GM,0.0,0.0800629537841668,0.5228282,0
2024-11-01,HMM_ScoreMV_Top10,KHC,0.15059829046218307,-0.0441621444354231,0.52587944,0
2024-11-01,HMM_ScoreMV_Top10,MRK,0.25000000000000006,-0.0124656437439526,0.5390126,0
2024-11-01,HMM_ScoreMV_Top10,PPG,0.24999999999999994,0.0180350794769601,0.5379425,0
2024-11-01,HMM_ScoreMV_Top10,VLO,0.06633989496875187,0.1012630574690236,0.5272575,0
2024-11-01,HMM_ScoreMV_Top10,VRSK,0.0,0.0625090801879113,0.5169442,0
2024-11-01,HMM_ScoreMV_Top10,YUM,1.4192501213282418e-16,0.055642054382307,0.5193502,0
2024-11-01,Static_MinVar_Top10,BRK-B,0.17965767373316543,0.0557127684074028,0.55362785,0
2024-11-01,Static_MinVar_Top10,COR,0.1501971051708767,0.0690052850997748,0.5194817,0
2024-11-01,Static_MinVar_Top10,F,2.655791205187159e-19,0.0889612196984219,0.52941036,0
2024-11-01,Static_MinVar_Top10,GM,0.0,0.0800629537841668,0.5228282,0
2024-11-01,Static_MinVar_Top10,KHC,0.15543321789559442,-0.0441621444354231,0.52587944,0
2024-11-01,Static_MinVar_Top10,MRK,0.17759097997213408,-0.0124656437439526,0.5390126,0
2024-11-01,Static_MinVar_Top10,PPG,0.0,0.0180350794769601,0.5379425,0
2024-11-01,Static_MinVar_Top10,VLO,0.04311204011843047,0.1012630574690236,0.5272575,0
2024-11-01,Static_MinVar_Top10,VRSK,0.11472571082923332,0.0625090801879113,0.5169442,0
2024-11-01,Static_MinVar_Top10,YUM,0.1792832722805656,0.055642054382307,0.5193502,0
2024-11-01,Static_ScoreMV_Top10,BRK-B,0.24999999999999967,0.0557127684074028,0.55362785,0
2024-11-01,Static_ScoreMV_Top10,COR,0.0,0.0690052850997748,0.5194817,0
2024-11-01,Static_ScoreMV_Top10,F,0.004894396680191304,0.0889612196984219,0.52941036,0
2024-11-01,Static_ScoreMV_Top10,GM,0.0,0.0800629537841668,0.5228282,0
2024-11-01,Static_ScoreMV_Top10,KHC,0.17895669742116135,-0.0441621444354231,0.52587944,0
2024-11-01,Static_ScoreMV_Top10,MRK,0.2499999999999999,-0.0124656437439526,0.5390126,0
2024-11-01,Static_ScoreMV_Top10,PPG,0.2499999999999999,0.0180350794769601,0.5379425,0
2024-11-01,Static_ScoreMV_Top10,VLO,0.0661489058986478,0.1012630574690236,0.5272575,0
2024-11-01,Static_ScoreMV_Top10,VRSK,0.0,0.0625090801879113,0.5169442,0
2024-11-01,Static_ScoreMV_Top10,YUM,7.210385522661966e-17,0.055642054382307,0.5193502,0
2024-12-02,EqualWeight_Top10,AIG,0.1,-0.0369447460853116,0.51697713,3
2024-12-02,EqualWeight_Top10,C,0.1,-0.0140075235417284,0.52742237,3
2024-12-02,EqualWeight_Top10,CMG,0.1,-0.0039643487749806,0.5138251,3
2024-12-02,EqualWeight_Top10,ELV,0.1,-0.0974220651160272,0.51442325,3
2024-12-02,EqualWeight_Top10,FCX,0.1,-0.1274059070299892,0.5435419,3
2024-12-02,EqualWeight_Top10,HPQ,0.1,-0.097334816793097,0.5200076,3
2024-12-02,EqualWeight_Top10,KDP,0.1,-0.012907259982606,0.5173489,3
2024-12-02,EqualWeight_Top10,MU,0.1,-0.1449076323165382,0.5338558,3
2024-12-02,EqualWeight_Top10,OXY,0.1,-0.0155865229374255,0.52374357,3
2024-12-02,EqualWeight_Top10,QCOM,0.1,-0.0527904560960901,0.5206205,3
2024-12-02,HMM_MinVar_Top10,AIG,0.15425013836421286,-0.0369447460853116,0.51697713,3
2024-12-02,HMM_MinVar_Top10,C,0.06521937666875882,-0.0140075235417284,0.52742237,3
2024-12-02,HMM_MinVar_Top10,CMG,0.07147383103377547,-0.0039643487749806,0.5138251,3
2024-12-02,HMM_MinVar_Top10,ELV,0.25000000000000006,-0.0974220651160272,0.51442325,3
2024-12-02,HMM_MinVar_Top10,FCX,0.0,-0.1274059070299892,0.5435419,3
2024-12-02,HMM_MinVar_Top10,HPQ,0.10126426544171503,-0.097334816793097,0.5200076,3
2024-12-02,HMM_MinVar_Top10,KDP,0.25000000000000006,-0.012907259982606,0.5173489,3
2024-12-02,HMM_MinVar_Top10,MU,0.021756805453475553,-0.1449076323165382,0.5338558,3
2024-12-02,HMM_MinVar_Top10,OXY,0.07385750347348609,-0.0155865229374255,0.52374357,3
2024-12-02,HMM_MinVar_Top10,QCOM,0.012178079564576085,-0.0527904560960901,0.5206205,3
2024-12-02,HMM_ScoreMV_Top10,AIG,5.0700587465155825e-17,-0.0369447460853116,0.51697713,3
2024-12-02,HMM_ScoreMV_Top10,C,0.20722038225481637,-0.0140075235417284,0.52742237,3
2024-12-02,HMM_ScoreMV_Top10,CMG,0.0,-0.0039643487749806,0.5138251,3
2024-12-02,HMM_ScoreMV_Top10,ELV,3.9632551333897926e-17,-0.0974220651160272,0.51442325,3
2024-12-02,HMM_ScoreMV_Top10,FCX,0.25000000000000006,-0.1274059070299892,0.5435419,3
2024-12-02,HMM_ScoreMV_Top10,HPQ,3.2855442370397493e-17,-0.097334816793097,0.5200076,3
2024-12-02,HMM_ScoreMV_Top10,KDP,0.22013095355027773,-0.012907259982606,0.5173489,3
2024-12-02,HMM_ScoreMV_Top10,MU,0.25000000000000006,-0.1449076323165382,0.5338558,3
2024-12-02,HMM_ScoreMV_Top10,OXY,0.07264866419490576,-0.0155865229374255,0.52374357,3
2024-12-02,HMM_ScoreMV_Top10,QCOM,2.9255968129327554e-17,-0.0527904560960901,0.5206205,3
2024-12-02,Static_MinVar_Top10,AIG,0.12031118079574268,-0.0369447460853116,0.51697713,3
2024-12-02,Static_MinVar_Top10,C,0.1008101829050862,-0.0140075235417284,0.52742237,3
2024-12-02,Static_MinVar_Top10,CMG,0.11980096173373413,-0.0039643487749806,0.5138251,3
2024-12-02,Static_MinVar_Top10,ELV,0.25,-0.0974220651160272,0.51442325,3
2024-12-02,Static_MinVar_Top10,FCX,9.24663789347687e-18,-0.1274059070299892,0.5435419,3
2024-12-02,Static_MinVar_Top10,HPQ,0.06955813603246942,-0.097334816793097,0.5200076,3
2024-12-02,Static_MinVar_Top10,KDP,0.25,-0.012907259982606,0.5173489,3
2024-12-02,Static_MinVar_Top10,MU,0.010710053449162489,-0.1449076323165382,0.5338558,3
2024-12-02,Static_MinVar_Top10,OXY,0.07543165515063194,-0.0155865229374255,0.52374357,3
2024-12-02,Static_MinVar_Top10,QCOM,0.0033778299331732034,-0.0527904560960901,0.5206205,3
2024-12-02,Static_ScoreMV_Top10,AIG,0.0,-0.0369447460853116,0.51697713,3
2024-12-02,Static_ScoreMV_Top10,C,0.2499999999999999,-0.0140075235417284,0.52742237,3
2024-12-02,Static_ScoreMV_Top10,CMG,0.0,-0.0039643487749806,0.5138251,3
2024-12-02,Static_ScoreMV_Top10,ELV,0.0,-0.0974220651160272,0.51442325,3
2024-12-02,Static_ScoreMV_Top10,FCX,0.2499999999999999,-0.1274059070299892,0.5435419,3
2024-12-02,Static_ScoreMV_Top10,HPQ,0.0,-0.097334816793097,0.5200076,3
2024-12-02,Static_ScoreMV_Top10,KDP,0.20906222351028583,-0.012907259982606,0.5173489,3
2024-12-02,Static_ScoreMV_Top10,MU,0.22299385077359965,-0.1449076323165382,0.5338558,3
2024-12-02,Static_ScoreMV_Top10,OXY,0.06794392571611457,-0.0155865229374255,0.52374357,3
2024-12-02,Static_ScoreMV_Top10,QCOM,0.0,-0.0527904560960901,0.5206205,3
2025-01-02,EqualWeight_Top10,APH,0.1,0.0160846390729831,0.5310241,0
2025-01-02,EqualWeight_Top10,BRK-B,0.1,0.0299489671142825,0.5180761,0
2025-01-02,EqualWeight_Top10,GLW,0.1,0.0993364579837037,0.53522044,0
2025-01-02,EqualWeight_Top10,GM,0.1,-0.0675490578737297,0.5205217,0
2025-01-02,EqualWeight_Top10,JPM,0.1,0.1174500705540881,0.52328646,0
2025-01-02,EqualWeight_Top10,KLAC,0.1,0.1627187522215814,0.5207135,0
2025-01-02,EqualWeight_Top10,MTD,0.1,0.0996494220864085,0.5165598,0
2025-01-02,EqualWeight_Top10,NFLX,0.1,0.1039888244805546,0.51586086,0
2025-01-02,EqualWeight_Top10,REGN,0.1,-0.0675904732286768,0.5187704,0
2025-01-02,EqualWeight_Top10,WMT,0.1,0.1059999331650747,0.5405689,0
2025-01-02,HMM_MinVar_Top10,APH,0.06868685801200303,0.0160846390729831,0.5310241,0
2025-01-02,HMM_MinVar_Top10,BRK-B,0.25,0.0299489671142825,0.5180761,0
2025-01-02,HMM_MinVar_Top10,GLW,0.14834558689832641,0.0993364579837037,0.53522044,0
2025-01-02,HMM_MinVar_Top10,GM,0.011008804724518515,-0.0675490578737297,0.5205217,0
2025-01-02,HMM_MinVar_Top10,JPM,0.046177544178567946,0.1174500705540881,0.52328646,0
2025-01-02,HMM_MinVar_Top10,KLAC,8.689291467581143e-19,0.1627187522215814,0.5207135,0
2025-01-02,HMM_MinVar_Top10,MTD,0.010430668744095536,0.0996494220864085,0.5165598,0
2025-01-02,HMM_MinVar_Top10,NFLX,0.01740466830324788,0.1039888244805546,0.51586086,0
2025-01-02,HMM_MinVar_Top10,REGN,0.19794586913924075,-0.0675904732286768,0.5187704,0
2025-01-02,HMM_MinVar_Top10,WMT,0.25000000000000006,0.1059999331650747,0.5405689,0
2025-01-02,HMM_ScoreMV_Top10,APH,0.25,0.0160846390729831,0.5310241,0
2025-01-02,HMM_ScoreMV_Top10,BRK-B,1.2473474535761273e-16,0.0299489671142825,0.5180761,0
2025-01-02,HMM_ScoreMV_Top10,GLW,0.24999999999999975,0.0993364579837037,0.53522044,0
2025-01-02,HMM_ScoreMV_Top10,GM,0.0,-0.0675490578737297,0.5205217,0
2025-01-02,HMM_ScoreMV_Top10,JPM,0.24930253964619362,0.1174500705540881,0.52328646,0
2025-01-02,HMM_ScoreMV_Top10,KLAC,5.193163326650057e-16,0.1627187522215814,0.5207135,0
2025-01-02,HMM_ScoreMV_Top10,MTD,3.5737342594779833e-16,0.0996494220864085,0.5165598,0
2025-01-02,HMM_ScoreMV_Top10,NFLX,3.495089250679994e-16,0.1039888244805546,0.51586086,0
2025-01-02,HMM_ScoreMV_Top10,REGN,0.0006974603538054385,-0.0675904732286768,0.5187704,0
2025-01-02,HMM_ScoreMV_Top10,WMT,0.2499999999999998,0.1059999331650747,0.5405689,0
2025-01-02,Static_MinVar_Top10,APH,0.100136388624102,0.0160846390729831,0.5310241,0
2025-01-02,Static_MinVar_Top10,BRK-B,0.25,0.0299489671142825,0.5180761,0
2025-01-02,Static_MinVar_Top10,GLW,0.09289878093376547,0.0993364579837037,0.53522044,0
2025-01-02,Static_MinVar_Top10,GM,0.0,-0.0675490578737297,0.5205217,0
2025-01-02,Static_MinVar_Top10,JPM,0.10639990949630493,0.1174500705540881,0.52328646,0
2025-01-02,Static_MinVar_Top10,KLAC,1.737322254714804e-18,0.1627187522215814,0.5207135,0
2025-01-02,Static_MinVar_Top10,MTD,0.020495133343916696,0.0996494220864085,0.5165598,0
2025-01-02,Static_MinVar_Top10,NFLX,0.0012444226167280053,0.1039888244805546,0.51586086,0
2025-01-02,Static_MinVar_Top10,REGN,0.17882536498518284,-0.0675904732286768,0.5187704,0
2025-01-02,Static_MinVar_Top10,WMT,0.25,0.1059999331650747,0.5405689,0
2025-01-02,Static_ScoreMV_Top10,APH,0.24999999999999978,0.0160846390729831,0.5310241,0
2025-01-02,Static_ScoreMV_Top10,BRK-B,0.0,0.0299489671142825,0.5180761,0
2025-01-02,Static_ScoreMV_Top10,GLW,0.24999999999999978,0.0993364579837037,0.53522044,0
2025-01-02,Static_ScoreMV_Top10,GM,0.0,-0.0675490578737297,0.5205217,0
2025-01-02,Static_ScoreMV_Top10,JPM,0.24092751350868416,0.1174500705540881,0.52328646,0
2025-01-02,Static_ScoreMV_Top10,KLAC,0.0,0.1627187522215814,0.5207135,0
2025-01-02,Static_ScoreMV_Top10,MTD,0.0,0.0996494220864085,0.5165598,0
2025-01-02,Static_ScoreMV_Top10,NFLX,0.0,0.1039888244805546,0.51586086,0
2025-01-02,Static_ScoreMV_Top10,REGN,0.009072486491316535,-0.0675904732286768,0.5187704,0
2025-01-02,Static_ScoreMV_Top10,WMT,0.2499999999999997,0.1059999331650747,0.5405689,0
2025-02-03,EqualWeight_Top10,AMT,0.1,0.1173329116904262,0.54547983,0
2025-02-03,EqualWeight_Top10,APH,0.1,-0.1008271544397538,0.5291916,0
2025-02-03,EqualWeight_Top10,DOW,0.1,-0.0294047133278609,0.539447,0
2025-02-03,EqualWeight_Top10,FCX,0.1,-0.0267706419811438,0.53432834,0
2025-02-03,EqualWeight_Top10,GD,0.1,-0.0225651738553598,0.5355705,0
2025-02-03,EqualWeight_Top10,HPQ,0.1,-0.0846874750698302,0.55305517,0
2025-02-03,EqualWeight_Top10,NXPI,0.1,0.0314072809009413,0.5379865,0
2025-02-03,EqualWeight_Top10,O,0.1,0.0650155963271954,0.53357565,0
2025-02-03,EqualWeight_Top10,PPG,0.1,-0.0184476836867558,0.53579515,0
2025-02-03,EqualWeight_Top10,XOM,0.1,0.0131843536528832,0.5468303,0
2025-02-03,HMM_MinVar_Top10,AMT,0.044701025360769385,0.1173329116904262,0.54547983,0
2025-02-03,HMM_MinVar_Top10,APH,0.10825395992809814,-0.1008271544397538,0.5291916,0
2025-02-03,HMM_MinVar_Top10,DOW,0.08463624310314885,-0.0294047133278609,0.539447,0
2025-02-03,HMM_MinVar_Top10,FCX,0.0,-0.0267706419811438,0.53432834,0
2025-02-03,HMM_MinVar_Top10,GD,0.25,-0.0225651738553598,0.5355705,0
2025-02-03,HMM_MinVar_Top10,HPQ,0.029250431624816695,-0.0846874750698302,0.55305517,0
2025-02-03,HMM_MinVar_Top10,NXPI,1.7860983534057377e-18,0.0314072809009413,0.5379865,0
2025-02-03,HMM_MinVar_Top10,O,0.19474501815763684,0.0650155963271954,0.53357565,0
2025-02-03,HMM_MinVar_Top10,PPG,0.0998387920836613,-0.0184476836867558,0.53579515,0
2025-02-03,HMM_MinVar_Top10,XOM,0.18857452974186883,0.0131843536528832,0.5468303,0
2025-02-03,HMM_ScoreMV_Top10,AMT,0.25,0.1173329116904262,0.54547983,0
2025-02-03,HMM_ScoreMV_Top10,APH,7.313322887242234e-17,-0.1008271544397538,0.5291916,0
2025-02-03,HMM_ScoreMV_Top10,DOW,0.25,-0.0294047133278609,0.539447,0
2025-02-03,HMM_ScoreMV_Top10,FCX,0.0,-0.0267706419811438,0.53432834,0
2025-02-03,HMM_ScoreMV_Top10,GD,0.0,-0.0225651738553598,0.5355705,0
2025-02-03,HMM_ScoreMV_Top10,HPQ,0.24999999999999992,-0.0846874750698302,0.55305517,0
2025-02-03,HMM_ScoreMV_Top10,NXPI,1.8155456759823522e-16,0.0314072809009413,0.5379865,0
2025-02-03,HMM_ScoreMV_Top10,O,0.0,0.0650155963271954,0.53357565,0
2025-02-03,HMM_ScoreMV_Top10,PPG,1.2827999275276378e-17,-0.0184476836867558,0.53579515,0
2025-02-03,HMM_ScoreMV_Top10,XOM,0.24999999999999994,0.0131843536528832,0.5468303,0
2025-02-03,Static_MinVar_Top10,AMT,0.0686671759202912,0.1173329116904262,0.54547983,0
2025-02-03,Static_MinVar_Top10,APH,0.11786495979565524,-0.1008271544397538,0.5291916,0
2025-02-03,Static_MinVar_Top10,DOW,0.09585860717717438,-0.0294047133278609,0.539447,0
2025-02-03,Static_MinVar_Top10,FCX,0.0,-0.0267706419811438,0.53432834,0
2025-02-03,Static_MinVar_Top10,GD,0.24999999999999994,-0.0225651738553598,0.5355705,0
2025-02-03,Static_MinVar_Top10,HPQ,0.01777836799009941,-0.0846874750698302,0.55305517,0
2025-02-03,Static_MinVar_Top10,NXPI,0.0,0.0314072809009413,0.5379865,0
2025-02-03,Static_MinVar_Top10,O,0.24999999999999994,0.0650155963271954,0.53357565,0
2025-02-03,Static_MinVar_Top10,PPG,0.05396187354527255,-0.0184476836867558,0.53579515,0
2025-02-03,Static_MinVar_Top10,XOM,0.1458690155715072,0.0131843536528832,0.5468303,0
2025-02-03,Static_ScoreMV_Top10,AMT,0.25000000000000006,0.1173329116904262,0.54547983,0
2025-02-03,Static_ScoreMV_Top10,APH,0.0,-0.1008271544397538,0.5291916,0
2025-02-03,Static_ScoreMV_Top10,DOW,0.23601927659613944,-0.0294047133278609,0.539447,0
2025-02-03,Static_ScoreMV_Top10,FCX,2.1101574408511973e-17,-0.0267706419811438,0.53432834,0
2025-02-03,Static_ScoreMV_Top10,GD,0.01398072340386033,-0.0225651738553598,0.5355705,0
2025-02-03,Static_ScoreMV_Top10,HPQ,0.25000000000000006,-0.0846874750698302,0.55305517,0
2025-02-03,Static_ScoreMV_Top10,NXPI,0.0,0.0314072809009413,0.5379865,0
2025-02-03,Static_ScoreMV_Top10,O,6.417194654398533e-17,0.0650155963271954,0.53357565,0
2025-02-03,Static_ScoreMV_Top10,PPG,1.5775613290497467e-16,-0.0184476836867558,0.53579515,0
2025-02-03,Static_ScoreMV_Top10,XOM,0.24999999999999997,0.0131843536528832,0.5468303,0
2025-03-03,EqualWeight_Top10,APH,0.1,0.0364049816191356,0.51352084,3
2025-03-03,EqualWeight_Top10,FCX,0.1,0.065578534088672,0.5334794,3
2025-03-03,EqualWeight_Top10,HAL,0.1,0.0215854509718345,0.52242386,3
2025-03-03,EqualWeight_Top10,IR,0.1,-0.0308757129057687,0.5113659,3
2025-03-03,EqualWeight_Top10,LEN,0.1,-0.0267107360570664,0.53338826,3
2025-03-03,EqualWeight_Top10,NFLX,0.1,-0.0422820609879851,0.52113,3
2025-03-03,EqualWeight_Top10,PANW,0.1,-0.0709929976377452,0.5172234,3
2025-03-03,EqualWeight_Top10,PPG,0.1,-0.0212137904793816,0.51990217,3
2025-03-03,EqualWeight_Top10,REGN,0.1,-0.0739412434367204,0.5441609,3
2025-03-03,EqualWeight_Top10,SRE,0.1,0.0080260134331002,0.5127347,3
2025-03-03,HMM_MinVar_Top10,APH,0.18602201588901698,0.0364049816191356,0.51352084,3
2025-03-03,HMM_MinVar_Top10,FCX,0.0,0.065578534088672,0.5334794,3
2025-03-03,HMM_MinVar_Top10,HAL,0.03379206775990996,0.0215854509718345,0.52242386,3
2025-03-03,HMM_MinVar_Top10,IR,0.07381044020114273,-0.0308757129057687,0.5113659,3
2025-03-03,HMM_MinVar_Top10,LEN,0.08319072556904546,-0.0267107360570664,0.53338826,3
2025-03-03,HMM_MinVar_Top10,NFLX,2.4067082167144194e-17,-0.0422820609879851,0.52113,3
2025-03-03,HMM_MinVar_Top10,PANW,0.012623156138793888,-0.0709929976377452,0.5172234,3
2025-03-03,HMM_MinVar_Top10,PPG,0.11056159444209096,-0.0212137904793816,0.51990217,3
2025-03-03,HMM_MinVar_Top10,REGN,0.24999999999999992,-0.0739412434367204,0.5441609,3
2025-03-03,HMM_MinVar_Top10,SRE,0.24999999999999992,0.0080260134331002,0.5127347,3
2025-03-03,HMM_ScoreMV_Top10,APH,0.0,0.0364049816191356,0.51352084,3
2025-03-03,HMM_ScoreMV_Top10,FCX,0.25000000000000017,0.065578534088672,0.5334794,3
2025-03-03,HMM_ScoreMV_Top10,HAL,0.0677611606326889,0.0215854509718345,0.52242386,3
2025-03-03,HMM_ScoreMV_Top10,IR,7.740418059937236e-17,-0.0308757129057687,0.5113659,3
2025-03-03,HMM_ScoreMV_Top10,LEN,0.25000000000000017,-0.0267107360570664,0.53338826,3
2025-03-03,HMM_ScoreMV_Top10,NFLX,0.017326855635394985,-0.0422820609879851,0.52113,3
2025-03-03,HMM_ScoreMV_Top10,PANW,0.0,-0.0709929976377452,0.5172234,3
2025-03-03,HMM_ScoreMV_Top10,PPG,0.1485050498157461,-0.0212137904793816,0.51990217,3
2025-03-03,HMM_ScoreMV_Top10,REGN,0.25000000000000017,-0.0739412434367204,0.5441609,3
2025-03-03,HMM_ScoreMV_Top10,SRE,0.016406933916169302,0.0080260134331002,0.5127347,3
2025-03-03,Static_MinVar_Top10,APH,0.14318157524292693,0.0364049816191356,0.51352084,3
2025-03-03,Static_MinVar_Top10,FCX,1.4684837281959633e-18,0.065578534088672,0.5334794,3
2025-03-03,Static_MinVar_Top10,HAL,0.07184121793572296,0.0215854509718345,0.52242386,3
2025-03-03,Static_MinVar_Top10,IR,0.03543123418294645,-0.0308757129057687,0.5113659,3
2025-03-03,Static_MinVar_Top10,LEN,0.04517452363746727,-0.0267107360570664,0.53338826,3
2025-03-03,Static_MinVar_Top10,NFLX,0.02234242150656427,-0.0422820609879851,0.52113,3
2025-03-03,Static_MinVar_Top10,PANW,0.049038417000717906,-0.0709929976377452,0.5172234,3
2025-03-03,Static_MinVar_Top10,PPG,0.13299061049365424,-0.0212137904793816,0.51990217,3
2025-03-03,Static_MinVar_Top10,REGN,0.25,-0.0739412434367204,0.5441609,3
2025-03-03,Static_MinVar_Top10,SRE,0.25,0.0080260134331002,0.5127347,3
2025-03-03,Static_ScoreMV_Top10,APH,3.1510516195152916e-16,0.0364049816191356,0.51352084,3
2025-03-03,Static_ScoreMV_Top10,FCX,0.24999999999999964,0.065578534088672,0.5334794,3
2025-03-03,Static_ScoreMV_Top10,HAL,0.10601564635128616,0.0215854509718345,0.52242386,3
2025-03-03,Static_ScoreMV_Top10,IR,5.193579284242507e-16,-0.0308757129057687,0.5113659,3
2025-03-03,Static_ScoreMV_Top10,LEN,0.24999999999999925,-0.0267107360570664,0.53338826,3
2025-03-03,Static_ScoreMV_Top10,NFLX,0.03184856770223469,-0.0422820609879851,0.52113,3
2025-03-03,Static_ScoreMV_Top10,PANW,0.009874641154543022,-0.0709929976377452,0.5172234,3
2025-03-03,Static_ScoreMV_Top10,PPG,0.102261144791935,-0.0212137904793816,0.51990217,3
2025-03-03,Static_ScoreMV_Top10,REGN,0.25,-0.0739412434367204,0.5441609,3
2025-03-03,Static_ScoreMV_Top10,SRE,1.1843464367680373e-15,0.0080260134331002,0.5127347,3
2025-04-01,EqualWeight_Top10,BRK-B,0.1,0.000487832361562,0.51730627,1
2025-04-01,EqualWeight_Top10,DHR,0.1,-0.0052897707384426,0.5158586,1
2025-04-01,EqualWeight_Top10,DOW,0.1,-0.1161513872223589,0.51104724,1
2025-04-01,EqualWeight_Top10,GLW,0.1,-0.0254719514950307,0.5165721,1
2025-04-01,EqualWeight_Top10,IR,0.1,-0.0642599440175232,0.5099448,1
2025-04-01,EqualWeight_Top10,LEN,0.1,-0.0471091552811797,0.5201959,1
2025-04-01,EqualWeight_Top10,NFLX,0.1,0.219026693759655,0.5349812,1
2025-04-01,EqualWeight_Top10,PANW,0.1,0.0911797054450656,0.5497749,1
2025-04-01,EqualWeight_Top10,TXN,0.1,-0.0931207568018034,0.50666296,1
2025-04-01,EqualWeight_Top10,UBER,0.1,0.1098781272391551,0.5087163,1
2025-04-01,HMM_MinVar_Top10,BRK-B,0.24999999999999994,0.000487832361562,0.51730627,1
2025-04-01,HMM_MinVar_Top10,DHR,0.18833093812468593,-0.0052897707384426,0.5158586,1
2025-04-01,HMM_MinVar_Top10,DOW,0.22452747926376707,-0.1161513872223589,0.51104724,1
2025-04-01,HMM_MinVar_Top10,GLW,0.08772786845633705,-0.0254719514950307,0.5165721,1
2025-04-01,HMM_MinVar_Top10,IR,5.3740962315681645e-18,-0.0642599440175232,0.5099448,1
2025-04-01,HMM_MinVar_Top10,LEN,0.05672853847774419,-0.0471091552811797,0.5201959,1
2025-04-01,HMM_MinVar_Top10,NFLX,0.0644991790842781,0.219026693759655,0.5349812,1
2025-04-01,HMM_MinVar_Top10,PANW,0.08952026713600017,0.0911797054450656,0.5497749,1
2025-04-01,HMM_MinVar_Top10,TXN,0.03432369836061019,-0.0931207568018034,0.50666296,1
2025-04-01,HMM_MinVar_Top10,UBER,0.004342031096577234,0.1098781272391551,0.5087163,1
2025-04-01,HMM_ScoreMV_Top10,BRK-B,0.25000000000000006,0.000487832361562,0.51730627,1
2025-04-01,HMM_ScoreMV_Top10,DHR,0.05996400754268946,-0.0052897707384426,0.5158586,1
2025-04-01,HMM_ScoreMV_Top10,DOW,0.0,-0.1161513872223589,0.51104724,1
2025-04-01,HMM_ScoreMV_Top10,GLW,0.03665637681931076,-0.0254719514950307,0.5165721,1
2025-04-01,HMM_ScoreMV_Top10,IR,3.7516252878040654e-17,-0.0642599440175232,0.5099448,1
2025-04-01,HMM_ScoreMV_Top10,LEN,0.15337961563799962,-0.0471091552811797,0.5201959,1
2025-04-01,HMM_ScoreMV_Top10,NFLX,0.25000000000000006,0.219026693759655,0.5349812,1
2025-04-01,HMM_ScoreMV_Top10,PANW,0.25000000000000006,0.0911797054450656,0.5497749,1
2025-04-01,HMM_ScoreMV_Top10,TXN,1.7603573742858546e-17,-0.0931207568018034,0.50666296,1
2025-04-01,HMM_ScoreMV_Top10,UBER,0.0,0.1098781272391551,0.5087163,1
2025-04-01,Static_MinVar_Top10,BRK-B,0.25,0.000487832361562,0.51730627,1
2025-04-01,Static_MinVar_Top10,DHR,0.15845564076347585,-0.0052897707384426,0.5158586,1
2025-04-01,Static_MinVar_Top10,DOW,0.20872527989971365,-0.1161513872223589,0.51104724,1
2025-04-01,Static_MinVar_Top10,GLW,0.13431050596317512,-0.0254719514950307,0.5165721,1
2025-04-01,Static_MinVar_Top10,IR,0.033075930977011385,-0.0642599440175232,0.5099448,1
2025-04-01,Static_MinVar_Top10,LEN,0.04611896713143596,-0.0471091552811797,0.5201959,1
2025-04-01,Static_MinVar_Top10,NFLX,0.015899747504073705,0.219026693759655,0.5349812,1
2025-04-01,Static_MinVar_Top10,PANW,0.06542691915178783,0.0911797054450656,0.5497749,1
2025-04-01,Static_MinVar_Top10,TXN,0.08798700860932639,-0.0931207568018034,0.50666296,1
2025-04-01,Static_MinVar_Top10,UBER,3.1358387198439225e-18,0.1098781272391551,0.5087163,1
2025-04-01,Static_ScoreMV_Top10,BRK-B,0.24999999999999992,0.000487832361562,0.51730627,1
2025-04-01,Static_ScoreMV_Top10,DHR,0.06073274186868885,-0.0052897707384426,0.5158586,1
2025-04-01,Static_ScoreMV_Top10,DOW,1.1599001617311763e-16,-0.1161513872223589,0.51104724,1
2025-04-01,Static_ScoreMV_Top10,GLW,0.0775104898921306,-0.0254719514950307,0.5165721,1
2025-04-01,Static_ScoreMV_Top10,IR,0.0,-0.0642599440175232,0.5099448,1
2025-04-01,Static_ScoreMV_Top10,LEN,0.13392622905890778,-0.0471091552811797,0.5201959,1
2025-04-01,Static_ScoreMV_Top10,NFLX,0.22783053918027277,0.219026693759655,0.5349812,1
2025-04-01,Static_ScoreMV_Top10,PANW,0.25,0.0911797054450656,0.5497749,1
2025-04-01,Static_ScoreMV_Top10,TXN,0.0,-0.0931207568018034,0.50666296,1
2025-04-01,Static_ScoreMV_Top10,UBER,2.1218657957529234e-17,0.1098781272391551,0.5087163,1
2025-05-01,EqualWeight_Top10,ADP,0.1,0.0898590996349528,0.5387436,2
2025-05-01,EqualWeight_Top10,BIIB,0.1,0.0732654672835375,0.5354811,2
2025-05-01,EqualWeight_Top10,CTAS,0.1,0.0828592555457146,0.538847,2
2025-05-01,EqualWeight_Top10,GILD,0.1,0.0661502525007646,0.5273103,2
2025-05-01,EqualWeight_Top10,MCD,0.1,0.0006694329563701,0.540515,2
2025-05-01,EqualWeight_Top10,O,0.1,-0.0096203813288749,0.54590154,2
2025-05-01,EqualWeight_Top10,SO,0.1,-0.0076857703983933,0.52739394,2
2025-05-01,EqualWeight_Top10,TJX,0.1,-0.0024896843190626,0.55141467,2
2025-05-01,EqualWeight_Top10,WELL,0.1,0.0310305394644028,0.5283374,2
2025-05-01,EqualWeight_Top10,XEL,0.1,-0.0042611799511308,0.53614426,2
2025-05-01,HMM_MinVar_Top10,ADP,0.027511959617972672,0.0898590996349528,0.5387436,2
2025-05-01,HMM_MinVar_Top10,BIIB,3.3968039342954384e-18,0.0732654672835375,0.5354811,2
2025-05-01,HMM_MinVar_Top10,CTAS,5.1591813557960324e-18,0.0828592555457146,0.538847,2
2025-05-01,HMM_MinVar_Top10,GILD,0.12592084381242355,0.0661502525007646,0.5273103,2
2025-05-01,HMM_MinVar_Top10,MCD,0.24999999999999997,0.0006694329563701,0.540515,2
2025-05-01,HMM_MinVar_Top10,O,0.25,-0.0096203813288749,0.54590154,2
2025-05-01,HMM_MinVar_Top10,SO,0.14729399834395013,-0.0076857703983933,0.52739394,2
2025-05-01,HMM_MinVar_Top10,TJX,0.16748096100954862,-0.0024896843190626,0.55141467,2
2025-05-01,HMM_MinVar_Top10,WELL,0.03179223721610505,0.0310305394644028,0.5283374,2
2025-05-01,HMM_MinVar_Top10,XEL,1.0647954854003899e-17,-0.0042611799511308,0.53614426,2
2025-05-01,HMM_ScoreMV_Top10,ADP,0.18233564554702938,0.0898590996349528,0.5387436,2
2025-05-01,HMM_ScoreMV_Top10,BIIB,1.8892094089744975e-16,0.0732654672835375,0.5354811,2
2025-05-01,HMM_ScoreMV_Top10,CTAS,0.06766435445297105,0.0828592555457146,0.538847,2
2025-05-01,HMM_ScoreMV_Top10,GILD,0.0,0.0661502525007646,0.5273103,2
2025-05-01,HMM_ScoreMV_Top10,MCD,0.24999999999999975,0.0006694329563701,0.540515,2
2025-05-01,HMM_ScoreMV_Top10,O,0.24999999999999972,-0.0096203813288749,0.54590154,2
2025-05-01,HMM_ScoreMV_Top10,SO,7.471324377646921e-17,-0.0076857703983933,0.52739394,2
2025-05-01,HMM_ScoreMV_Top10,TJX,0.24999999999999986,-0.0024896843190626,0.55141467,2
2025-05-01,HMM_ScoreMV_Top10,WELL,5.86077601818037e-17,0.0310305394644028,0.5283374,2
2025-05-01,HMM_ScoreMV_Top10,XEL,0.0,-0.0042611799511308,0.53614426,2
2025-05-01,Static_MinVar_Top10,ADP,0.08291139881921027,0.0898590996349528,0.5387436,2
2025-05-01,Static_MinVar_Top10,BIIB,0.004338562397360377,0.0732654672835375,0.5354811,2
2025-05-01,Static_MinVar_Top10,CTAS,0.012815120031527084,0.0828592555457146,0.538847,2
2025-05-01,Static_MinVar_Top10,GILD,0.10723954174834732,0.0661502525007646,0.5273103,2
2025-05-01,Static_MinVar_Top10,MCD,0.25,0.0006694329563701,0.540515,2
2025-05-01,Static_MinVar_Top10,O,0.13042171305696953,-0.0096203813288749,0.54590154,2
2025-05-01,Static_MinVar_Top10,SO,0.13659427602226876,-0.0076857703983933,0.52739394,2
2025-05-01,Static_MinVar_Top10,TJX,0.1737911017288028,-0.0024896843190626,0.55141467,2
2025-05-01,Static_MinVar_Top10,WELL,0.0625951057958954,0.0310305394644028,0.5283374,2
2025-05-01,Static_MinVar_Top10,XEL,0.03929318039961845,-0.0042611799511308,0.53614426,2
2025-05-01,Static_ScoreMV_Top10,ADP,0.1644166739738134,0.0898590996349528,0.5387436,2
2025-05-01,Static_ScoreMV_Top10,BIIB,0.0,0.0732654672835375,0.5354811,2
2025-05-01,Static_ScoreMV_Top10,CTAS,0.08558332602618625,0.0828592555457146,0.538847,2
2025-05-01,Static_ScoreMV_Top10,GILD,1.479235813780967e-16,0.0661502525007646,0.5273103,2
2025-05-01,Static_ScoreMV_Top10,MCD,0.25,0.0006694329563701,0.540515,2
2025-05-01,Static_ScoreMV_Top10,O,0.25,-0.0096203813288749,0.54590154,2
2025-05-01,Static_ScoreMV_Top10,SO,0.0,-0.0076857703983933,0.52739394,2
2025-05-01,Static_ScoreMV_Top10,TJX,0.24999999999999997,-0.0024896843190626,0.55141467,2
2025-05-01,Static_ScoreMV_Top10,WELL,1.5089060910481845e-16,0.0310305394644028,0.5283374,2
2025-05-01,Static_ScoreMV_Top10,XEL,1.3974266038547742e-16,-0.0042611799511308,0.53614426,2
2025-06-02,EqualWeight_Top10,BRK-B,0.1,-0.0262524855733263,0.53260124,0
2025-06-02,EqualWeight_Top10,CTAS,0.1,-0.0104990508268347,0.52522105,0
2025-06-02,EqualWeight_Top10,FDX,0.1,0.0823943001973466,0.5321158,0
2025-06-02,EqualWeight_Top10,HAL,0.1,0.068863804872959,0.52478015,0
2025-06-02,EqualWeight_Top10,KMB,0.1,-0.0623435577469684,0.5253295,0
2025-06-02,EqualWeight_Top10,MCD,0.1,-0.0485800069750228,0.53525954,0
2025-06-02,EqualWeight_Top10,OKE,0.1,-0.0184221144352502,0.5303689,0
2025-06-02,EqualWeight_Top10,PANW,0.1,0.0139587458287147,0.5376939,0
2025-06-02,EqualWeight_Top10,PCAR,0.1,0.0700664727220143,0.5217746,0
2025-06-02,EqualWeight_Top10,SBUX,0.1,0.1142153264039254,0.5260564,0
2025-06-02,HMM_MinVar_Top10,BRK-B,0.22597376632783056,-0.0262524855733263,0.53260124,0
2025-06-02,HMM_MinVar_Top10,CTAS,0.06576245258349964,-0.0104990508268347,0.52522105,0
2025-06-02,HMM_MinVar_Top10,FDX,0.03687851116613741,0.0823943001973466,0.5321158,0
2025-06-02,HMM_MinVar_Top10,HAL,0.04416552451061096,0.068863804872959,0.52478015,0
2025-06-02,HMM_MinVar_Top10,KMB,0.23428789730188515,-0.0623435577469684,0.5253295,0
2025-06-02,HMM_MinVar_Top10,MCD,0.1853896760994393,-0.0485800069750228,0.53525954,0
2025-06-02,HMM_MinVar_Top10,OKE,0.08843595672175045,-0.0184221144352502,0.5303689,0
2025-06-02,HMM_MinVar_Top10,PANW,0.025255162538552683,0.0139587458287147,0.5376939,0
2025-06-02,HMM_MinVar_Top10,PCAR,0.0410655195311525,0.0700664727220143,0.5217746,0
2025-06-02,HMM_MinVar_Top10,SBUX,0.05278553321914146,0.1142153264039254,0.5260564,0
2025-06-02,HMM_ScoreMV_Top10,BRK-B,0.25,-0.0262524855733263,0.53260124,0
2025-06-02,HMM_ScoreMV_Top10,CTAS,3.8648817833211716e-17,-0.0104990508268347,0.52522105,0
2025-06-02,HMM_ScoreMV_Top10,FDX,0.20527554869635894,0.0823943001973466,0.5321158,0
2025-06-02,HMM_ScoreMV_Top10,HAL,0.0,0.068863804872959,0.52478015,0
2025-06-02,HMM_ScoreMV_Top10,KMB,0.0,-0.0623435577469684,0.5253295,0
2025-06-02,HMM_ScoreMV_Top10,MCD,0.25,-0.0485800069750228,0.53525954,0
2025-06-02,HMM_ScoreMV_Top10,OKE,0.07173119864256691,-0.0184221144352502,0.5303689,0
2025-06-02,HMM_ScoreMV_Top10,PANW,0.22299325266107412,0.0139587458287147,0.5376939,0
2025-06-02,HMM_ScoreMV_Top10,PCAR,0.0,0.0700664727220143,0.5217746,0
2025-06-02,HMM_ScoreMV_Top10,SBUX,0.0,0.1142153264039254,0.5260564,0
2025-06-02,Static_MinVar_Top10,BRK-B,0.24999999999999994,-0.0262524855733263,0.53260124,0
2025-06-02,Static_MinVar_Top10,CTAS,0.05918603394551513,-0.0104990508268347,0.52522105,0
2025-06-02,Static_MinVar_Top10,FDX,0.037873241614867034,0.0823943001973466,0.5321158,0
2025-06-02,Static_MinVar_Top10,HAL,0.007318501075828312,0.068863804872959,0.52478015,0
2025-06-02,Static_MinVar_Top10,KMB,0.24999999999999994,-0.0623435577469684,0.5253295,0
2025-06-02,Static_MinVar_Top10,MCD,0.24999999999999994,-0.0485800069750228,0.53525954,0
2025-06-02,Static_MinVar_Top10,OKE,0.031955907719802105,-0.0184221144352502,0.5303689,0
2025-06-02,Static_MinVar_Top10,PANW,0.03264191631146122,0.0139587458287147,0.5376939,0
2025-06-02,Static_MinVar_Top10,PCAR,0.05541522161887924,0.0700664727220143,0.5217746,0
2025-06-02,Static_MinVar_Top10,SBUX,0.02560917771364702,0.1142153264039254,0.5260564,0
2025-06-02,Static_ScoreMV_Top10,BRK-B,0.24999999999999997,-0.0262524855733263,0.53260124,0
2025-06-02,Static_ScoreMV_Top10,CTAS,3.889287737541049e-18,-0.0104990508268347,0.52522105,0
2025-06-02,Static_ScoreMV_Top10,FDX,0.17631071751672522,0.0823943001973466,0.5321158,0
2025-06-02,Static_ScoreMV_Top10,HAL,7.970557185158879e-17,0.068863804872959,0.52478015,0
2025-06-02,Static_ScoreMV_Top10,KMB,0.0,-0.0623435577469684,0.5253295,0
2025-06-02,Static_ScoreMV_Top10,MCD,0.25,-0.0485800069750228,0.53525954,0
2025-06-02,Static_ScoreMV_Top10,OKE,0.07368928248327486,-0.0184221144352502,0.5303689,0
2025-06-02,Static_ScoreMV_Top10,PANW,0.25,0.0139587458287147,0.5376939,0
2025-06-02,Static_ScoreMV_Top10,PCAR,0.0,0.0700664727220143,0.5217746,0
2025-06-02,Static_ScoreMV_Top10,SBUX,0.0,0.1142153264039254,0.5260564,0
2025-07-01,EqualWeight_Top10,ADP,0.1,0.0026117651199495,0.5284864,1
2025-07-01,EqualWeight_Top10,APH,0.1,0.0831707243971771,0.52672005,1
2025-07-01,EqualWeight_Top10,BRK-B,0.1,-0.027797605765311,0.52070063,1
2025-07-01,EqualWeight_Top10,CDNS,0.1,0.1989595069615206,0.52225345,1
2025-07-01,EqualWeight_Top10,EXC,0.1,0.0195807250164319,0.5274076,1
2025-07-01,EqualWeight_Top10,GLW,0.1,0.1905306054439015,0.5247299,1
2025-07-01,EqualWeight_Top10,KMB,0.1,-0.0480207037197033,0.52474123,1
2025-07-01,EqualWeight_Top10,MCD,0.1,0.0205720408729723,0.5363786,1
2025-07-01,EqualWeight_Top10,PANW,0.1,-0.073641071550344,0.5449992,1
2025-07-01,EqualWeight_Top10,REGN,0.1,0.0367725376707077,0.5591137,1
2025-07-01,HMM_MinVar_Top10,ADP,0.031162563169571222,0.0026117651199495,0.5284864,1
2025-07-01,HMM_MinVar_Top10,APH,0.07120218284317104,0.0831707243971771,0.52672005,1
2025-07-01,HMM_MinVar_Top10,BRK-B,0.1706246922203903,-0.027797605765311,0.52070063,1
2025-07-01,HMM_MinVar_Top10,CDNS,0.04167283540527062,0.1989595069615206,0.52225345,1
2025-07-01,HMM_MinVar_Top10,EXC,0.14815041139293314,0.0195807250164319,0.5274076,1
2025-07-01,HMM_MinVar_Top10,GLW,0.020793579472589068,0.1905306054439015,0.5247299,1
2025-07-01,HMM_MinVar_Top10,KMB,0.22708481464329322,-0.0480207037197033,0.52474123,1
2025-07-01,HMM_MinVar_Top10,MCD,0.18007839377788043,0.0205720408729723,0.5363786,1
2025-07-01,HMM_MinVar_Top10,PANW,0.04819245840044917,-0.073641071550344,0.5449992,1
2025-07-01,HMM_MinVar_Top10,REGN,0.061038068674451815,0.0367725376707077,0.5591137,1
2025-07-01,HMM_ScoreMV_Top10,ADP,0.0862697813902593,0.0026117651199495,0.5284864,1
2025-07-01,HMM_ScoreMV_Top10,APH,0.0,0.0831707243971771,0.52672005,1
2025-07-01,HMM_ScoreMV_Top10,BRK-B,0.0,-0.027797605765311,0.52070063,1
2025-07-01,HMM_ScoreMV_Top10,CDNS,0.0,0.1989595069615206,0.52225345,1
2025-07-01,HMM_ScoreMV_Top10,EXC,0.1637302186097409,0.0195807250164319,0.5274076,1
2025-07-01,HMM_ScoreMV_Top10,GLW,0.0,0.1905306054439015,0.5247299,1
2025-07-01,HMM_ScoreMV_Top10,KMB,4.981599339028322e-17,-0.0480207037197033,0.52474123,1
2025-07-01,HMM_ScoreMV_Top10,MCD,0.24999999999999992,0.0205720408729723,0.5363786,1
2025-07-01,HMM_ScoreMV_Top10,PANW,0.24999999999999994,-0.073641071550344,0.5449992,1
2025-07-01,HMM_ScoreMV_Top10,REGN,0.24999999999999994,0.0367725376707077,0.5591137,1
2025-07-01,Static_MinVar_Top10,ADP,0.046142773534380815,0.0026117651199495,0.5284864,1
2025-07-01,Static_MinVar_Top10,APH,0.061553496047583936,0.0831707243971771,0.52672005,1
2025-07-01,Static_MinVar_Top10,BRK-B,0.164493210121037,-0.027797605765311,0.52070063,1
2025-07-01,Static_MinVar_Top10,CDNS,0.02660218015124487,0.1989595069615206,0.52225345,1
2025-07-01,Static_MinVar_Top10,EXC,0.10595008703446905,0.0195807250164319,0.5274076,1
2025-07-01,Static_MinVar_Top10,GLW,0.032444434713598695,0.1905306054439015,0.5247299,1
2025-07-01,Static_MinVar_Top10,KMB,0.25,-0.0480207037197033,0.52474123,1
2025-07-01,Static_MinVar_Top10,MCD,0.24467528901375057,0.0205720408729723,0.5363786,1
2025-07-01,Static_MinVar_Top10,PANW,0.022469756322907826,-0.073641071550344,0.5449992,1
2025-07-01,Static_MinVar_Top10,REGN,0.04566877306102729,0.0367725376707077,0.5591137,1
2025-07-01,Static_ScoreMV_Top10,ADP,0.08621827375429823,0.0026117651199495,0.5284864,1
2025-07-01,Static_ScoreMV_Top10,APH,0.0,0.0831707243971771,0.52672005,1
2025-07-01,Static_ScoreMV_Top10,BRK-B,1.702793675825843e-17,-0.027797605765311,0.52070063,1
2025-07-01,Static_ScoreMV_Top10,CDNS,2.760318469917405e-16,0.1989595069615206,0.52225345,1
2025-07-01,Static_ScoreMV_Top10,EXC,0.16378172624570148,0.0195807250164319,0.5274076,1
2025-07-01,Static_ScoreMV_Top10,GLW,2.1483736742219886e-17,0.1905306054439015,0.5247299,1
2025-07-01,Static_ScoreMV_Top10,KMB,9.455542833925774e-17,-0.0480207037197033,0.52474123,1
2025-07-01,Static_ScoreMV_Top10,MCD,0.25000000000000006,0.0205720408729723,0.5363786,1
2025-07-01,Static_ScoreMV_Top10,PANW,0.25000000000000006,-0.073641071550344,0.5449992,1
2025-07-01,Static_ScoreMV_Top10,REGN,0.24999999999999994,0.0367725376707077,0.5591137,1
2025-08-01,EqualWeight_Top10,APH,0.1,0.0436200500782131,0.52037233,0
2025-08-01,EqualWeight_Top10,CMG,0.1,-0.0089369958613405,0.5191603,0
2025-08-01,EqualWeight_Top10,CTAS,0.1,-0.0498517587899406,0.5133648,0
2025-08-01,EqualWeight_Top10,HPQ,0.1,0.1672802187775897,0.51929396,0
2025-08-01,EqualWeight_Top10,KHC,0.1,0.0354147564276448,0.5292616,0
2025-08-01,EqualWeight_Top10,LLY,0.1,-0.036914425935249,0.5115071,0
2025-08-01,EqualWeight_Top10,NFLX,0.1,0.0428534119776884,0.5787968,0
2025-08-01,EqualWeight_Top10,ODFL,0.1,0.0642932408635501,0.5162889,0
2025-08-01,EqualWeight_Top10,OKE,0.1,-0.0330420793833505,0.5201762,0
2025-08-01,EqualWeight_Top10,PANW,0.1,0.1020360879883464,0.5386061,0
2025-08-01,HMM_MinVar_Top10,APH,0.08875517370337256,0.0436200500782131,0.52037233,0
2025-08-01,HMM_MinVar_Top10,CMG,0.07850769746265036,-0.0089369958613405,0.5191603,0
2025-08-01,HMM_MinVar_Top10,CTAS,0.13342392880930004,-0.0498517587899406,0.5133648,0
2025-08-01,HMM_MinVar_Top10,HPQ,0.057743900369734105,0.1672802187775897,0.51929396,0
2025-08-01,HMM_MinVar_Top10,KHC,0.25000000000000006,0.0354147564276448,0.5292616,0
2025-08-01,HMM_MinVar_Top10,LLY,0.08316944635963557,-0.036914425935249,0.5115071,0
2025-08-01,HMM_MinVar_Top10,NFLX,0.06110109516868371,0.0428534119776884,0.5787968,0
2025-08-01,HMM_MinVar_Top10,ODFL,0.03152679661100768,0.0642932408635501,0.5162889,0
2025-08-01,HMM_MinVar_Top10,OKE,0.2020720961793939,-0.0330420793833505,0.5201762,0
2025-08-01,HMM_MinVar_Top10,PANW,0.013699865336222184,0.1020360879883464,0.5386061,0
2025-08-01,HMM_ScoreMV_Top10,APH,0.021573760833009124,0.0436200500782131,0.52037233,0
2025-08-01,HMM_ScoreMV_Top10,CMG,0.007995502445829392,-0.0089369958613405,0.5191603,0
2025-08-01,HMM_ScoreMV_Top10,CTAS,0.0,-0.0498517587899406,0.5133648,0
2025-08-01,HMM_ScoreMV_Top10,HPQ,0.06018038703365563,0.1672802187775897,0.51929396,0
2025-08-01,HMM_ScoreMV_Top10,KHC,0.24999999999999986,0.0354147564276448,0.5292616,0
2025-08-01,HMM_ScoreMV_Top10,LLY,1.3240621789045204e-16,-0.036914425935249,0.5115071,0
2025-08-01,HMM_ScoreMV_Top10,NFLX,0.24999999999999986,0.0428534119776884,0.5787968,0
2025-08-01,HMM_ScoreMV_Top10,ODFL,0.0,0.0642932408635501,0.5162889,0
2025-08-01,HMM_ScoreMV_Top10,OKE,0.24519494949560472,-0.0330420793833505,0.5201762,0
2025-08-01,HMM_ScoreMV_Top10,PANW,0.16505540019190115,0.1020360879883464,0.5386061,0
2025-08-01,Static_MinVar_Top10,APH,0.08853310214938127,0.0436200500782131,0.52037233,0
2025-08-01,Static_MinVar_Top10,CMG,0.09313971737893526,-0.0089369958613405,0.5191603,0
2025-08-01,Static_MinVar_Top10,CTAS,0.21488579322702467,-0.0498517587899406,0.5133648,0
2025-08-01,Static_MinVar_Top10,HPQ,0.039809541317341476,0.1672802187775897,0.51929396,0
2025-08-01,Static_MinVar_Top10,KHC,0.25000000000000006,0.0354147564276448,0.5292616,0
2025-08-01,Static_MinVar_Top10,LLY,0.12229851637761154,-0.036914425935249,0.5115071,0
2025-08-01,Static_MinVar_Top10,NFLX,0.03893477910758499,0.0428534119776884,0.5787968,0
2025-08-01,Static_MinVar_Top10,ODFL,0.015640723390452606,0.0642932408635501,0.5162889,0
2025-08-01,Static_MinVar_Top10,OKE,0.11189699249415297,-0.0330420793833505,0.5201762,0
2025-08-01,Static_MinVar_Top10,PANW,0.024860834557515307,0.1020360879883464,0.5386061,0
2025-08-01,Static_ScoreMV_Top10,APH,0.03822231957638424,0.0436200500782131,0.52037233,0
2025-08-01,Static_ScoreMV_Top10,CMG,0.04766628540766154,-0.0089369958613405,0.5191603,0
2025-08-01,Static_ScoreMV_Top10,CTAS,1.8180612175163e-17,-0.0498517587899406,0.5133648,0
2025-08-01,Static_ScoreMV_Top10,HPQ,0.034060028478559504,0.1672802187775897,0.51929396,0
2025-08-01,Static_ScoreMV_Top10,KHC,0.24999999999999972,0.0354147564276448,0.5292616,0
2025-08-01,Static_ScoreMV_Top10,LLY,0.0,-0.036914425935249,0.5115071,0
2025-08-01,Static_ScoreMV_Top10,NFLX,0.2499999999999999,0.0428534119776884,0.5787968,0
2025-08-01,Static_ScoreMV_Top10,ODFL,1.8241868543517788e-16,0.0642932408635501,0.5162889,0
2025-08-01,Static_ScoreMV_Top10,OKE,0.13912378398650627,-0.0330420793833505,0.5201762,0
2025-08-01,Static_ScoreMV_Top10,PANW,0.24092758255088864,0.1020360879883464,0.5386061,0
2025-09-02,EqualWeight_Top10,ADP,0.1,-0.0158305699913405,0.5285541,1
2025-09-02,EqualWeight_Top10,APH,0.1,0.1342927171902321,0.5269762,1
2025-09-02,EqualWeight_Top10,CDNS,0.1,0.0246492583857242,0.5314274,1
2025-09-02,EqualWeight_Top10,CMG,0.1,-0.0613173981626592,0.52258927,1
2025-09-02,EqualWeight_Top10,CTAS,0.1,-0.0012165681857891,0.52268225,1
2025-09-02,EqualWeight_Top10,IR,0.1,0.0600461196779578,0.52118486,1
2025-09-02,EqualWeight_Top10,PANW,0.1,0.0687591357912862,0.5252878,1
2025-09-02,EqualWeight_Top10,PAYX,0.1,-0.0676669382739136,0.5327568,1
2025-09-02,EqualWeight_Top10,SBUX,0.1,-0.0576966013752897,0.5220868,1
2025-09-02,EqualWeight_Top10,YUM,0.1,0.0451044383366656,0.5521723,1
2025-09-02,HMM_MinVar_Top10,ADP,0.1811656824234174,-0.0158305699913405,0.5285541,1
2025-09-02,HMM_MinVar_Top10,APH,0.08193979937186713,0.1342927171902321,0.5269762,1
2025-09-02,HMM_MinVar_Top10,CDNS,0.008011668452790836,0.0246492583857242,0.5314274,1
2025-09-02,HMM_MinVar_Top10,CMG,0.07718371067554382,-0.0613173981626592,0.52258927,1
2025-09-02,HMM_MinVar_Top10,CTAS,0.20648057538118722,-0.0012165681857891,0.52268225,1
2025-09-02,HMM_MinVar_Top10,IR,0.0,0.0600461196779578,0.52118486,1
2025-09-02,HMM_MinVar_Top10,PANW,0.08520137136713163,0.0687591357912862,0.5252878,1
2025-09-02,HMM_MinVar_Top10,PAYX,0.0681810345423085,-0.0676669382739136,0.5327568,1
2025-09-02,HMM_MinVar_Top10,SBUX,0.04183615778575346,-0.0576966013752897,0.5220868,1
2025-09-02,HMM_MinVar_Top10,YUM,0.25,0.0451044383366656,0.5521723,1
2025-09-02,HMM_ScoreMV_Top10,ADP,0.23644409749794787,-0.0158305699913405,0.5285541,1
2025-09-02,HMM_ScoreMV_Top10,APH,0.013555902502051033,0.1342927171902321,0.5269762,1
2025-09-02,HMM_ScoreMV_Top10,CDNS,0.2500000000000001,0.0246492583857242,0.5314274,1
2025-09-02,HMM_ScoreMV_Top10,CMG,3.284699189048187e-16,-0.0613173981626592,0.52258927,1
2025-09-02,HMM_ScoreMV_Top10,CTAS,2.8390590089235513e-16,-0.0012165681857891,0.52268225,1
2025-09-02,HMM_ScoreMV_Top10,IR,2.525349780720042e-16,0.0600461196779578,0.52118486,1
2025-09-02,HMM_ScoreMV_Top10,PANW,0.0,0.0687591357912862,0.5252878,1
2025-09-02,HMM_ScoreMV_Top10,PAYX,0.24999999999999942,-0.0676669382739136,0.5327568,1
2025-09-02,HMM_ScoreMV_Top10,SBUX,5.893347210072496e-16,-0.0576966013752897,0.5220868,1
2025-09-02,HMM_ScoreMV_Top10,YUM,0.2500000000000001,0.0451044383366656,0.5521723,1
2025-09-02,Static_MinVar_Top10,ADP,0.25,-0.0158305699913405,0.5285541,1
2025-09-02,Static_MinVar_Top10,APH,0.08012372081490951,0.1342927171902321,0.5269762,1
2025-09-02,Static_MinVar_Top10,CDNS,0.00896045759166316,0.0246492583857242,0.5314274,1
2025-09-02,Static_MinVar_Top10,CMG,0.08271471188771218,-0.0613173981626592,0.52258927,1
2025-09-02,Static_MinVar_Top10,CTAS,0.14657342091847855,-0.0012165681857891,0.52268225,1
2025-09-02,Static_MinVar_Top10,IR,0.011931263384582995,0.0600461196779578,0.52118486,1
2025-09-02,Static_MinVar_Top10,PANW,0.02622988184959787,0.0687591357912862,0.5252878,1
2025-09-02,Static_MinVar_Top10,PAYX,0.10024093867733853,-0.0676669382739136,0.5327568,1
2025-09-02,Static_MinVar_Top10,SBUX,0.04322560487571723,-0.0576966013752897,0.5220868,1
2025-09-02,Static_MinVar_Top10,YUM,0.25,0.0451044383366656,0.5521723,1
2025-09-02,Static_ScoreMV_Top10,ADP,0.2500000000000002,-0.0158305699913405,0.5285541,1
2025-09-02,Static_ScoreMV_Top10,APH,0.031416253292674945,0.1342927171902321,0.5269762,1
2025-09-02,Static_ScoreMV_Top10,CDNS,0.2185837467073244,0.0246492583857242,0.5314274,1
2025-09-02,Static_ScoreMV_Top10,CMG,0.0,-0.0613173981626592,0.52258927,1
2025-09-02,Static_ScoreMV_Top10,CTAS,1.0964387987569063e-16,-0.0012165681857891,0.52268225,1
2025-09-02,Static_ScoreMV_Top10,IR,0.0,0.0600461196779578,0.52118486,1
2025-09-02,Static_ScoreMV_Top10,PANW,0.0,0.0687591357912862,0.5252878,1
2025-09-02,Static_ScoreMV_Top10,PAYX,0.2500000000000002,-0.0676669382739136,0.5327568,1
2025-09-02,Static_ScoreMV_Top10,SBUX,0.0,-0.0576966013752897,0.5220868,1
2025-09-02,Static_ScoreMV_Top10,YUM,0.2500000000000002,0.0451044383366656,0.5521723,1
2025-10-01,EqualWeight_Top10,BRK-B,0.1,-0.0450421555431057,0.5453652,0
2025-10-01,EqualWeight_Top10,CMG,0.1,0.0202719290758037,0.5692982,0
2025-10-01,EqualWeight_Top10,EQIX,0.1,0.0307254292138219,0.5424456,0
2025-10-01,EqualWeight_Top10,KMB,0.1,-0.0528279702672276,0.549697,0
2025-10-01,EqualWeight_Top10,MCD,0.1,0.0060893659053631,0.5424937,0
2025-10-01,EqualWeight_Top10,NOW,0.1,-0.000800040002,0.5394994,0
2025-10-01,EqualWeight_Top10,PANW,0.1,0.0500967140109693,0.5396425,0
2025-10-01,EqualWeight_Top10,PRU,0.1,-0.0174773804584541,0.542507,0
2025-10-01,EqualWeight_Top10,SBUX,0.1,-0.0027251745332592,0.5534586,0
2025-10-01,EqualWeight_Top10,UPS,0.1,0.154301903776594,0.5391094,0
2025-10-01,HMM_MinVar_Top10,BRK-B,0.25,-0.0450421555431057,0.5453652,0
2025-10-01,HMM_MinVar_Top10,CMG,0.04953740484078099,0.0202719290758037,0.5692982,0
2025-10-01,HMM_MinVar_Top10,EQIX,0.0558031034928534,0.0307254292138219,0.5424456,0
2025-10-01,HMM_MinVar_Top10,KMB,0.21757666289882693,-0.0528279702672276,0.549697,0
2025-10-01,HMM_MinVar_Top10,MCD,0.21638593732854117,0.0060893659053631,0.5424937,0
2025-10-01,HMM_MinVar_Top10,NOW,0.045195408757194314,-0.000800040002,0.5394994,0
2025-10-01,HMM_MinVar_Top10,PANW,0.013232398700545853,0.0500967140109693,0.5396425,0
2025-10-01,HMM_MinVar_Top10,PRU,0.0478043859578431,-0.0174773804584541,0.542507,0
2025-10-01,HMM_MinVar_Top10,SBUX,0.06179221301056509,-0.0027251745332592,0.5534586,0
2025-10-01,HMM_MinVar_Top10,UPS,0.04267248501284924,0.154301903776594,0.5391094,0
2025-10-01,HMM_ScoreMV_Top10,BRK-B,0.24999999999999986,-0.0450421555431057,0.5453652,0
2025-10-01,HMM_ScoreMV_Top10,CMG,0.24999999999999992,0.0202719290758037,0.5692982,0
2025-10-01,HMM_ScoreMV_Top10,EQIX,4.4955854583685605e-17,0.0307254292138219,0.5424456,0
2025-10-01,HMM_ScoreMV_Top10,KMB,0.24999999999999994,-0.0528279702672276,0.549697,0
2025-10-01,HMM_ScoreMV_Top10,MCD,3.5995512126518737e-16,0.0060893659053631,0.5424937,0
2025-10-01,HMM_ScoreMV_Top10,NOW,0.0,-0.000800040002,0.5394994,0
2025-10-01,HMM_ScoreMV_Top10,PANW,0.0,0.0500967140109693,0.5396425,0
2025-10-01,HMM_ScoreMV_Top10,PRU,0.0,-0.0174773804584541,0.542507,0
2025-10-01,HMM_ScoreMV_Top10,SBUX,0.24999999999999994,-0.0027251745332592,0.5534586,0
2025-10-01,HMM_ScoreMV_Top10,UPS,0.0,0.154301903776594,0.5391094,0
2025-10-01,Static_MinVar_Top10,BRK-B,0.25000000000000006,-0.0450421555431057,0.5453652,0
2025-10-01,Static_MinVar_Top10,CMG,0.053401137027542525,0.0202719290758037,0.5692982,0
2025-10-01,Static_MinVar_Top10,EQIX,0.056967257447835186,0.0307254292138219,0.5424456,0
2025-10-01,Static_MinVar_Top10,KMB,0.25000000000000006,-0.0528279702672276,0.549697,0
2025-10-01,Static_MinVar_Top10,MCD,0.25000000000000006,0.0060893659053631,0.5424937,0
2025-10-01,Static_MinVar_Top10,NOW,0.02000475539271598,-0.000800040002,0.5394994,0
2025-10-01,Static_MinVar_Top10,PANW,0.03117987998495657,0.0500967140109693,0.5396425,0
2025-10-01,Static_MinVar_Top10,PRU,0.011530274138313508,-0.0174773804584541,0.542507,0
2025-10-01,Static_MinVar_Top10,SBUX,0.03191108645438451,-0.0027251745332592,0.5534586,0
2025-10-01,Static_MinVar_Top10,UPS,0.04500560955425175,0.154301903776594,0.5391094,0
2025-10-01,Static_ScoreMV_Top10,BRK-B,0.2499999999999999,-0.0450421555431057,0.5453652,0
2025-10-01,Static_ScoreMV_Top10,CMG,0.2499999999999999,0.0202719290758037,0.5692982,0
2025-10-01,Static_ScoreMV_Top10,EQIX,2.640063112810701e-16,0.0307254292138219,0.5424456,0
2025-10-01,Static_ScoreMV_Top10,KMB,0.24999999999999983,-0.0528279702672276,0.549697,0
2025-10-01,Static_ScoreMV_Top10,MCD,0.0,0.0060893659053631,0.5424937,0
2025-10-01,Static_ScoreMV_Top10,NOW,6.058492169589428e-17,-0.000800040002,0.5394994,0
2025-10-01,Static_ScoreMV_Top10,PANW,0.0,0.0500967140109693,0.5396425,0
2025-10-01,Static_ScoreMV_Top10,PRU,1.3586338399623426e-16,-0.0174773804584541,0.542507,0
2025-10-01,Static_ScoreMV_Top10,SBUX,0.2499999999999999,-0.0027251745332592,0.5534586,0
2025-10-01,Static_ScoreMV_Top10,UPS,8.929581682376841e-17,0.154301903776594,0.5391094,0
2025-11-03,EqualWeight_Top10,BRK-B,0.1,0.0651067980523871,0.53958344,2
2025-11-03,EqualWeight_Top10,CTAS,0.1,0.0142394503078424,0.5340093,2
2025-11-03,EqualWeight_Top10,CTVA,0.1,0.0598690531403514,0.5238776,2
2025-11-03,EqualWeight_Top10,DLTR,0.1,0.0807139267507,0.5270232,2
2025-11-03,EqualWeight_Top10,GEHC,0.1,0.0772122683061506,0.52687246,2
2025-11-03,EqualWeight_Top10,KDP,0.1,0.0559308931014121,0.54041713,2
2025-11-03,EqualWeight_Top10,NFLX,0.1,-0.0059904571020382,0.54738635,2
2025-11-03,EqualWeight_Top10,NOW,0.1,-0.0978945863893819,0.53452843,2
2025-11-03,EqualWeight_Top10,SBUX,0.1,0.0599743127103762,0.5496689,2
2025-11-03,EqualWeight_Top10,YUM,0.1,0.0641343691803424,0.5304431,2
2025-11-03,HMM_MinVar_Top10,BRK-B,0.25000000000000006,0.0651067980523871,0.53958344,2
2025-11-03,HMM_MinVar_Top10,CTAS,0.13614130568695107,0.0142394503078424,0.5340093,2
2025-11-03,HMM_MinVar_Top10,CTVA,0.013206402812399785,0.0598690531403514,0.5238776,2
2025-11-03,HMM_MinVar_Top10,DLTR,0.12175364214566779,0.0807139267507,0.5270232,2
2025-11-03,HMM_MinVar_Top10,GEHC,5.126059689788224e-18,0.0772122683061506,0.52687246,2
2025-11-03,HMM_MinVar_Top10,KDP,0.2226634498226667,0.0559308931014121,0.54041713,2
2025-11-03,HMM_MinVar_Top10,NFLX,0.006235199532314554,-0.0059904571020382,0.54738635,2
2025-11-03,HMM_MinVar_Top10,NOW,0.0,-0.0978945863893819,0.53452843,2
2025-11-03,HMM_MinVar_Top10,SBUX,1.3245758225109232e-18,0.0599743127103762,0.5496689,2
2025-11-03,HMM_MinVar_Top10,YUM,0.25000000000000006,0.0641343691803424,0.5304431,2
2025-11-03,HMM_ScoreMV_Top10,BRK-B,0.25,0.0651067980523871,0.53958344,2
2025-11-03,HMM_ScoreMV_Top10,CTAS,0.015308034621367546,0.0142394503078424,0.5340093,2
2025-11-03,HMM_ScoreMV_Top10,CTVA,3.583376517022815e-17,0.0598690531403514,0.5238776,2
2025-11-03,HMM_ScoreMV_Top10,DLTR,0.0,0.0807139267507,0.5270232,2
2025-11-03,HMM_ScoreMV_Top10,GEHC,1.7589580509944304e-16,0.0772122683061506,0.52687246,2
2025-11-03,HMM_ScoreMV_Top10,KDP,0.25,0.0559308931014121,0.54041713,2
2025-11-03,HMM_ScoreMV_Top10,NFLX,0.24999999999999997,-0.0059904571020382,0.54738635,2
2025-11-03,HMM_ScoreMV_Top10,NOW,0.0,-0.0978945863893819,0.53452843,2
2025-11-03,HMM_ScoreMV_Top10,SBUX,0.23469196537863227,0.0599743127103762,0.5496689,2
2025-11-03,HMM_ScoreMV_Top10,YUM,0.0,0.0641343691803424,0.5304431,2
2025-11-03,Static_MinVar_Top10,BRK-B,0.25,0.0651067980523871,0.53958344,2
2025-11-03,Static_MinVar_Top10,CTAS,0.09956837970994364,0.0142394503078424,0.5340093,2
2025-11-03,Static_MinVar_Top10,CTVA,0.06323518552241165,0.0598690531403514,0.5238776,2
2025-11-03,Static_MinVar_Top10,DLTR,0.04714787294561465,0.0807139267507,0.5270232,2
2025-11-03,Static_MinVar_Top10,GEHC,0.0038958320015306394,0.0772122683061506,0.52687246,2
2025-11-03,Static_MinVar_Top10,KDP,0.21479257853205677,0.0559308931014121,0.54041713,2
2025-11-03,Static_MinVar_Top10,NFLX,0.06563226572284622,-0.0059904571020382,0.54738635,2
2025-11-03,Static_MinVar_Top10,NOW,0.025934984598644153,-0.0978945863893819,0.53452843,2
2025-11-03,Static_MinVar_Top10,SBUX,0.00663327310801589,0.0599743127103762,0.5496689,2
2025-11-03,Static_MinVar_Top10,YUM,0.2231596278589364,0.0641343691803424,0.5304431,2
2025-11-03,Static_ScoreMV_Top10,BRK-B,0.24999999999999994,0.0651067980523871,0.53958344,2
2025-11-03,Static_ScoreMV_Top10,CTAS,0.0,0.0142394503078424,0.5340093,2
2025-11-03,Static_ScoreMV_Top10,CTVA,0.0,0.0598690531403514,0.5238776,2
2025-11-03,Static_ScoreMV_Top10,DLTR,0.0,0.0807139267507,0.5270232,2
2025-11-03,Static_ScoreMV_Top10,GEHC,0.0,0.0772122683061506,0.52687246,2
2025-11-03,Static_ScoreMV_Top10,KDP,0.24999999999999994,0.0559308931014121,0.54041713,2
2025-11-03,Static_ScoreMV_Top10,NFLX,0.24999999999999994,-0.0059904571020382,0.54738635,2
2025-11-03,Static_ScoreMV_Top10,NOW,6.330982688346643e-17,-0.0978945863893819,0.53452843,2
2025-11-03,Static_ScoreMV_Top10,SBUX,0.24999999999999992,0.0599743127103762,0.5496689,2
2025-11-03,Static_ScoreMV_Top10,YUM,1.8186972756083331e-16,0.0641343691803424,0.5304431,2
2025-12-01,EqualWeight_Top10,AMT,0.1,0.0123080921280775,0.54724723,2
2025-12-01,EqualWeight_Top10,CHTR,0.1,0.0642835559315886,0.61995804,2
2025-12-01,EqualWeight_Top10,EA,0.1,0.0094819280290026,0.52872175,2
2025-12-01,EqualWeight_Top10,GPN,0.1,0.043451919596025,0.5320431,2
2025-12-01,EqualWeight_Top10,KHC,0.1,-0.037051688962736,0.5389169,2
2025-12-01,EqualWeight_Top10,NFLX,0.1,-0.1406579204659543,0.55937284,2
2025-12-01,EqualWeight_Top10,ODFL,0.1,0.1428794896181942,0.54432,2
2025-12-01,EqualWeight_Top10,OXY,0.1,-0.0150951897854665,0.5362926,2
2025-12-01,EqualWeight_Top10,ROP,0.1,0.0146535217376693,0.528836,2
2025-12-01,EqualWeight_Top10,VRSK,0.1,0.0036423510696155,0.5312673,2
2025-12-01,HMM_MinVar_Top10,AMT,0.23319028599450062,0.0123080921280775,0.54724723,2
2025-12-01,HMM_MinVar_Top10,CHTR,3.3244091767700787e-18,0.0642835559315886,0.61995804,2
2025-12-01,HMM_MinVar_Top10,EA,0.25,0.0094819280290026,0.52872175,2
2025-12-01,HMM_MinVar_Top10,GPN,0.0,0.043451919596025,0.5320431,2
2025-12-01,HMM_MinVar_Top10,KHC,0.21667184195986117,-0.037051688962736,0.5389169,2
2025-12-01,HMM_MinVar_Top10,NFLX,0.054546130854191834,-0.1406579204659543,0.55937284,2
2025-12-01,HMM_MinVar_Top10,ODFL,0.019972878763810493,0.1428794896181942,0.54432,2
2025-12-01,HMM_MinVar_Top10,OXY,0.04130065091716933,-0.0150951897854665,0.5362926,2
2025-12-01,HMM_MinVar_Top10,ROP,0.10817033289892676,0.0146535217376693,0.528836,2
2025-12-01,HMM_MinVar_Top10,VRSK,0.07614787861153978,0.0036423510696155,0.5312673,2
2025-12-01,HMM_ScoreMV_Top10,AMT,0.24999999999999994,0.0123080921280775,0.54724723,2
2025-12-01,HMM_ScoreMV_Top10,CHTR,0.2499999999999999,0.0642835559315886,0.61995804,2
2025-12-01,HMM_ScoreMV_Top10,EA,0.0,0.0094819280290026,0.52872175,2
2025-12-01,HMM_ScoreMV_Top10,GPN,0.0,0.043451919596025,0.5320431,2
2025-12-01,HMM_ScoreMV_Top10,KHC,0.21272024927957378,-0.037051688962736,0.5389169,2
2025-12-01,HMM_ScoreMV_Top10,NFLX,0.2366206136114979,-0.1406579204659543,0.55937284,2
2025-12-01,HMM_ScoreMV_Top10,ODFL,0.050659137108928456,0.1428794896181942,0.54432,2
2025-12-01,HMM_ScoreMV_Top10,OXY,0.0,-0.0150951897854665,0.5362926,2
2025-12-01,HMM_ScoreMV_Top10,ROP,6.132072294706764e-17,0.0146535217376693,0.528836,2
2025-12-01,HMM_ScoreMV_Top10,VRSK,0.0,0.0036423510696155,0.5312673,2
2025-12-01,Static_MinVar_Top10,AMT,0.1082945025148079,0.0123080921280775,0.54724723,2
2025-12-01,Static_MinVar_Top10,CHTR,0.00043191755507001413,0.0642835559315886,0.61995804,2
2025-12-01,Static_MinVar_Top10,EA,0.13381152090229345,0.0094819280290026,0.52872175,2
2025-12-01,Static_MinVar_Top10,GPN,0.0,0.043451919596025,0.5320431,2
2025-12-01,Static_MinVar_Top10,KHC,0.2257872270510885,-0.037051688962736,0.5389169,2
2025-12-01,Static_MinVar_Top10,NFLX,0.07397618980832057,-0.1406579204659543,0.55937284,2
2025-12-01,Static_MinVar_Top10,ODFL,0.012845201743130563,0.1428794896181942,0.54432,2
2025-12-01,Static_MinVar_Top10,OXY,0.10116842310822517,-0.0150951897854665,0.5362926,2
2025-12-01,Static_MinVar_Top10,ROP,0.20348616597812905,0.0146535217376693,0.528836,2
2025-12-01,Static_MinVar_Top10,VRSK,0.1401988513389348,0.0036423510696155,0.5312673,2
2025-12-01,Static_ScoreMV_Top10,AMT,0.2499999999999999,0.0123080921280775,0.54724723,2
2025-12-01,Static_ScoreMV_Top10,CHTR,0.2499999999999999,0.0642835559315886,0.61995804,2
2025-12-01,Static_ScoreMV_Top10,EA,0.0,0.0094819280290026,0.52872175,2
2025-12-01,Static_ScoreMV_Top10,GPN,5.855931976474417e-17,0.043451919596025,0.5320431,2
2025-12-01,Static_ScoreMV_Top10,KHC,0.18844420538471973,-0.037051688962736,0.5389169,2
2025-12-01,Static_ScoreMV_Top10,NFLX,0.2499999999999999,-0.1406579204659543,0.55937284,2
2025-12-01,Static_ScoreMV_Top10,ODFL,0.049649666142775745,0.1428794896181942,0.54432,2
2025-12-01,Static_ScoreMV_Top10,OXY,0.011906128472504782,-0.0150951897854665,0.5362926,2
2025-12-01,Static_ScoreMV_Top10,ROP,0.0,0.0146535217376693,0.528836,2
2025-12-01,Static_ScoreMV_Top10,VRSK,4.7723001015628215e-17,0.0036423510696155,0.5312673,2
